"AlleleID","GeneSymbol"
20083,"AAAS"
20084,"AAAS"
20087,"AAAS"
48333,"AAGAB"
48334,"AAGAB"
48335,"AAGAB"
611798,"AAGAB"
23505,"AARS1"
39111,"AARS1"
200701,"AARS1"
187937,"AARS1"
187938,"AARS1"
24522,"ABCA1"
259720,"ABCA12"
199803,"ABCA3"
230628,"ABCA3"
237680,"ABCA4"
22950,"ABCA4"
105389,"ABCA4"
105294,"ABCA4"
105074,"ABCA4"
104926,"ABCA4"
105101,"ABCA4"
952556,"ABCA4"
104991,"ABCA4"
237633,"ABCA4"
22933,"ABCA4"
22921,"ABCA4"
105106,"ABCA4"
22940,"ABCA4"
98774,"ABCA4"
22943,"ABCA4"
105163,"ABCA4"
105192,"ABCA4"
105352,"ABCA4"
105189,"ABCA4"
105210,"ABCA4"
105235,"ABCA4"
105113,"ABCA4"
105003,"ABCA4"
227447,"ABCA7"
858712,"ABCA7"
227448,"ABCA7"
194305,"ABCB4"
961853,"ABCB4"
26613,"ABCB7"
23455,"ABCC2"
426827,"ABCC6"
426897,"ABCC6"
427092,"ABCC6"
409464,"ABCC6"
426849,"ABCC6"
21598,"ABCC6"
21603,"ABCC6"
21615,"ABCC6"
21619,"ABCC6"
265507,"ABCC6"
427033,"ABCC6"
360154,"ABCC6"
377106,"ABCC6"
427015,"ABCC6"
427043,"ABCC6"
426973,"ABCC6"
427040,"ABCC6"
426892,"ABCC6"
426925,"ABCC6"
426994,"ABCC6"
426858,"ABCC6"
427070,"ABCC6"
426965,"ABCC6"
427001,"ABCC6"
21617,"ABCC6"
186816,"ABCC8"
546501,"ABCC8"
186812,"ABCC8"
24136,"ABCC8"
207858,"ABCC8"
24146,"ABCC8"
545937,"ABCC8"
24149,"ABCC8"
272968,"ABCC8"
34021,"ABCC8"
44287,"ABCC8"
24147,"ABCC8"
207859,"ABCC8"
545879,"ABCC8"
791118,"ABCC8"
380248,"ABCC8"
441417,"ABCC8"
546208,"ABCC8"
44289,"ABCC8"
33488,"ABCC8"
207853,"ABCC8"
961065,"ABCG8"
18636,"ACADM"
798478,"ACADM"
98178,"ACADM"
227895,"ACADM"
199977,"ACADM"
358095,"ACADS"
200245,"ACADS"
547203,"ACADS"
547197,"ACADS"
264511,"ACADS"
39569,"ACADS"
612095,"ACADS"
546998,"ACADS"
200246,"ACADS"
986093,"ACE"
33328,"ACTA1"
132662,"ACTB"
132665,"ACTB"
132667,"ACTB"
132669,"ACTB"
924876,"ACTB"
214776,"ACTB"
33314,"ACTB"
23293,"ACVRL1"
576353,"ACVRL1"
210228,"ACVRL1"
33150,"ACY1"
33148,"ACY1"
17006,"ADA"
125901,"ADA2"
125897,"ADA2"
125899,"ADA2"
534054,"ADA2"
125894,"ADA2"
125896,"ADA2"
125893,"ADA2"
39331,"ADAM17"
509055,"ADAM22"
509054,"ADAM22"
171808,"ADCY5"
243827,"ADD3"
20870,"ADGRG1"
20868,"ADGRG1"
20872,"ADGRG1"
20871,"ADGRG1"
611827,"ADGRG1"
169294,"ADGRG1"
21836,"ADGRV1"
143255,"ADNP"
188156,"AFF4"
188157,"AFF4"
188158,"AFF4"
39384,"AFG3L2"
172197,"AFG3L2"
70588,"AGA"
39785,"AGK"
39786,"AGK"
39784,"AGK"
211298,"AGK"
39787,"AGK"
21663,"AGPAT2"
21666,"AGPAT2"
200547,"AGXT"
200462,"AGXT"
200484,"AGXT"
200565,"AGXT"
200566,"AGXT"
38436,"AGXT"
20684,"AGXT"
20686,"AGXT"
20685,"AGXT"
200575,"AGXT"
191827,"AHI1"
49586,"AIP"
18348,"AIRE"
18352,"AIRE"
44333,"AIRE"
44330,"AIRE"
25521,"ALAS2"
25522,"ALAS2"
25522,"ALAS2"
25522,"ALAS2"
25522,"ALAS2"
75248,"ALAS2"
212032,"ALAS2"
213762,"ALDH18A1"
213761,"ALDH18A1"
389123,"ALDH7A1"
34719,"ALK"
611573,"ALMS1"
860449,"ALOX12B"
971099,"ALOX12B"
1038638,"ALOX12B"
983349,"ALOXE3"
48149,"ALOXE3"
540812,"ALPL"
357057,"ALPL"
541001,"ALPL"
194838,"ALPL"
540822,"ALPL"
540888,"ALPL"
540788,"ALPL"
540833,"ALPL"
28710,"ALPL"
952257,"ALPL"
540900,"ALPL"
421205,"ALPL"
540945,"ALPL"
181373,"ALS2"
181372,"ALS2"
19686,"ALX3"
19682,"ALX3"
19683,"ALX3"
19684,"ALX3"
19685,"ALX3"
19687,"ALX3"
20055,"ALX4"
20056,"ALX4"
94415,"ALX4"
94416,"ALX4"
165647,"ALX4"
977977,"AMT"
543129,"AMT"
33113,"ANG"
33115,"ANG"
33114,"ANG"
793500,"ANG"
33119,"ANG"
33120,"ANG"
33121,"ANG"
486102,"ANG;RNASE4"
97343,"ANGPTL3"
97342,"ANGPTL3"
97341,"ANGPTL3"
143249,"ANGPTL4"
33097,"ANK2"
33096,"ANK2"
33098,"ANK2"
33099,"ANK2"
20237,"ANKH"
54795,"ANKRD1"
189882,"ANKRD1"
175049,"ANKRD1"
264749,"ANKRD11"
964461,"ANKRD11"
214453,"ANKRD11"
17203,"ANO5"
17204,"ANO5"
17205,"ANO5"
273090,"ANO5"
25052,"ANOS1"
422521,"ANOS1"
426498,"ANOS1"
482267,"ANOS1"
25047,"ANOS1"
17639,"ANTXR2"
17642,"ANTXR2"
963134,"ANTXR2"
25817,"AP1S2"
25816,"AP1S2"
48023,"AP2S1"
805148,"AP4B1"
166193,"AP4B1"
389104,"AP4B1"
389105,"AP4B1"
226245,"AP4E1"
226246,"AP4E1"
236722,"AP4S1"
236721,"AP4S1"
182425,"APC"
15846,"APC"
239564,"APC"
233049,"APC"
15840,"APC"
262198,"APC2"
1152448,"APOA1"
371260,"APOA5"
1068955,"APOB"
32927,"APOB"
265379,"APOB"
434174,"APOB"
80402,"APOB"
32943,"APOC3"
32942,"APOC3"
131982,"APOE"
32890,"APOE"
204353,"APPL1"
204354,"APPL1"
19466,"APTX"
19464,"APTX"
211378,"APTX"
19465,"APTX"
19467,"APTX"
19470,"APTX"
982727,"APTX"
421751,"APTX"
32880,"AQP2"
434768,"AQP2"
32867,"AQP2"
32875,"AQP2"
1060607,"ARG1"
213971,"ARHGAP29"
39815,"ARHGAP31"
39814,"ARHGAP31"
59540,"ARHGDIA"
428577,"ARID1B"
682804,"ARID1B"
264206,"ARID1B"
40173,"ARID1B"
196319,"ARID1B"
204044,"ARID2"
204042,"ARID2"
204041,"ARID2"
204043,"ARID2"
187113,"ARSB"
271260,"ARX"
167592,"ARX"
26233,"ARX"
26227,"ARX"
26227,"ARX"
26227,"ARX"
26227,"ARX"
26236,"ARX"
26232,"ARX"
1065779,"ARX"
167605,"ARX"
226420,"ASCC1"
98271,"ASL"
17441,"ASL"
17442,"ASL"
17440,"ASL"
487358,"ASL"
544227,"ASL"
544640,"ASL"
544532,"ASL"
544289,"ASL"
17438,"ASL"
17437,"ASL"
97317,"ASNS"
97318,"ASNS"
97319,"ASNS"
186965,"ASPA"
17654,"ASPA"
17655,"ASPA"
422161,"ASPA"
17644,"ASPA"
17646,"ASPA"
17645,"ASPA"
186966,"ASPA"
548020,"ASPA"
17651,"ASPA"
34448,"ASPM"
34465,"ASPM"
965949,"ASPM"
34410,"ASPM"
167662,"ASPM"
34479,"ASPM"
681820,"ASPM"
34485,"ASPM"
34446,"ASPM"
34466,"ASPM"
20004,"ASPM"
34436,"ASPM"
980813,"ASXL1"
389174,"ASXL3"
512351,"ASXL3"
19393,"ATL1"
484255,"ATM"
480501,"ATM"
183460,"ATM"
132798,"ATM"
234008,"ATM"
137354,"ATM"
152505,"ATM"
565315,"ATM"
180534,"ATM"
484437,"ATM"
18075,"ATM"
152423,"ATM"
186799,"ATM"
150621,"ATM"
244585,"ATM"
361793,"ATP13A2"
447466,"ATP13A2"
77001,"ATP13A2"
27956,"ATP1A2"
27957,"ATP1A2"
201080,"ATP1A2"
1022701,"ATP1A2"
27964,"ATP1A2"
27962,"ATP1A2"
27961,"ATP1A2"
576418,"ATP1A2"
1058453,"ATP1A2"
511186,"ATP1A2"
442650,"ATP1A2"
1015575,"ATP1A2"
45778,"ATP1A3"
938716,"ATP1A3"
32838,"ATP2A2"
359526,"ATP2C1"
34352,"ATP6V0A2"
34347,"ATP6V0A2"
34354,"ATP6V0A2"
408545,"ATP6V0A2"
270637,"ATP6V0A2"
15883,"ATP6V0A2"
34346,"ATP6V0A2"
15884,"ATP6V0A2"
965422,"ATP6V0A4"
620252,"ATP6V0A4"
1061021,"ATP6V0A4"
27268,"ATP6V1B1"
181522,"ATP6V1B2"
26833,"ATP7A"
209240,"ATP7A"
44392,"ATP7B"
39121,"ATR"
26781,"ATRX"
389194,"ATRX"
389193,"ATRX"
25887,"AVPR2"
361239,"AVPR2"
352794,"AVPR2"
577943,"AVPR2"
849770,"AVPR2"
512610,"AVPR2"
44401,"AVPR2"
44411,"AVPR2"
75085,"B3GALT6"
75089,"B3GALT6"
75079,"B3GALT6"
75080,"B3GALT6"
75081,"B3GALT6"
75082,"B3GALT6"
75083,"B3GALT6"
75084,"B3GALT6"
75086,"B3GALT6"
75090,"B3GALT6"
75091,"B3GALT6"
75088,"B3GALT6"
53945,"BAG3"
239284,"BAP1"
181759,"BARD1"
27183,"BBS1"
974496,"BBS10"
16367,"BBS10"
226933,"BBS10"
792743,"BBS7"
1061083,"BBS9"
79337,"BCAP31"
543155,"BCHE"
227254,"BCHE"
543183,"BCHE"
227255,"BCHE"
548829,"BCKDHA"
99292,"BCKDHA"
99243,"BCKDHA"
99274,"BCKDHA"
99284,"BCKDHA"
456100,"BCKDHB"
456437,"BCKDHB"
357521,"BCKDHB"
19811,"BCO1"
389190,"BCOR"
21208,"BCS1L"
21207,"BCS1L"
17779,"BEST1"
105675,"BEST1"
105614,"BEST1"
1054100,"BEST1"
17781,"BEST1"
17789,"BEST1"
259988,"BEST1"
38570,"BMP4"
1061982,"BMPR1A"
213897,"BMPR1B"
213898,"BMPR1B"
213899,"BMPR1B"
21596,"BMPR1B"
414241,"BMPR2"
23835,"BMPR2"
23851,"BMPR2"
414328,"BMPR2"
414370,"BMPR2"
392462,"BMPR2"
209586,"BMPR2"
209584,"BMPR2"
414235,"BMPR2"
209585,"BMPR2"
23845,"BMPR2"
172127,"BPNT2"
40049,"BPNT2"
224865,"BRAF"
38762,"BRAF"
29008,"BRAF"
69749,"BRCA1"
261922,"BRCA1"
69109,"BRCA1"
69274,"BRCA1"
69888,"BRCA1"
69324,"BRCA1"
69792,"BRCA1"
69596,"BRCA1"
46126,"BRCA1"
68791,"BRCA1"
69411,"BRCA1"
69542,"BRCA1"
69701,"BRCA1"
69152,"BRCA1"
45968,"BRCA1"
46225,"BRCA1"
46037,"BRCA1"
32713,"BRCA1"
32723,"BRCA1"
46251,"BRCA1"
69685,"BRCA1"
32716,"BRCA1"
70390,"BRCA1"
69391,"BRCA1"
69099,"BRCA1"
70178,"BRCA1"
70135,"BRCA1"
70141,"BRCA1"
70156,"BRCA1"
70211,"BRCA1"
70077,"BRCA1"
69554,"BRCA1"
70000,"BRCA1"
70031,"BRCA1"
70129,"BRCA1"
70215,"BRCA1"
70248,"BRCA1"
70177,"BRCA1"
69232,"BRCA1"
70032,"BRCA1"
70213,"BRCA1"
70250,"BRCA1"
70351,"BRCA1"
70412,"BRCA1"
70305,"BRCA1"
70345,"BRCA1"
70033,"BRCA1"
68992,"BRCA1"
69786,"BRCA1"
70018,"BRCA1"
70019,"BRCA1"
70223,"BRCA1"
69333,"BRCA1"
46263,"BRCA1"
70413,"BRCA1"
235937,"BRCA1"
70265,"BRCA1"
97068,"BRCA1"
46191,"BRCA1"
70281,"BRCA1"
70298,"BRCA1"
249171,"BRCA1"
70079,"BRCA1"
70109,"BRCA1"
69067,"BRCA1"
70268,"BRCA1"
70275,"BRCA1"
70157,"BRCA1"
46214,"BRCA1"
69016,"BRCA1"
70214,"BRCA1"
46268,"BRCA1"
70244,"BRCA1"
70030,"BRCA1"
68991,"BRCA1"
46228,"BRCA1"
70015,"BRCA1"
70016,"BRCA1"
261312,"BRCA2"
66419,"BRCA2"
46704,"BRCA2"
96924,"BRCA2"
249033,"BRCA2"
67475,"BRCA2"
150784,"BRCA2"
46679,"BRCA2"
46485,"BRCA2"
66306,"BRCA2"
66010,"BRCA2"
46630,"BRCA2"
67480,"BRCA2"
66415,"BRCA2"
97286,"BRCA2"
96926,"BRCA2"
46602,"BRCA2"
24361,"BRCA2"
24357,"BRCA2"
46415,"BRCA2"
24364,"BRCA2"
46312,"BRCA2"
67073,"BRCA2"
67494,"BRCA2"
46446,"BRCA2"
65788,"BRCA2"
185251,"BRIP1"
19777,"BRIP1"
180934,"BRIP1"
25842,"BRWD3"
19578,"BSCL2"
19574,"BSCL2"
19423,"BSND"
19419,"BSND"
19425,"BSND"
19420,"BSND"
19424,"BSND"
19426,"BSND"
16939,"BTD"
51108,"C12orf57"
165610,"C12orf57"
40112,"C19orf12"
40113,"C19orf12"
181460,"C19orf12"
40114,"C19orf12"
40115,"C19orf12"
32101,"C3"
32099,"C3"
32100,"C3"
32102,"C3"
1152867,"C3"
1152864,"C3"
496803,"C6"
32080,"C9"
32647,"CA4"
32648,"CA4"
410530,"CACNA1A"
264732,"CACNA1A"
185732,"CACNA1A"
647771,"CACNA1A"
23547,"CACNA1A"
79328,"CACNA1A"
79312,"CACNA1A"
410512,"CACNA1A"
536183,"CACNA1A"
580343,"CACNA1A"
23527,"CACNA1A"
23528,"CACNA1A"
23529,"CACNA1A"
23545,"CACNA1A"
23546,"CACNA1A"
32674,"CACNA1C"
78450,"CACNA1C"
78453,"CACNA1C"
188572,"CACNA1C"
622079,"CACNA1C"
205275,"CACNA1C"
189343,"CACNA1C"
99298,"CACNA1C"
1010326,"CACNA1C"
188573,"CACNA1C"
622080,"CACNA1C"
76974,"CACNA1D"
431846,"CACNA1F"
34295,"CACNA1F"
26658,"CACNA1F"
26656,"CACNA1F"
850136,"CACNA1F"
982935,"CACNA1H"
389164,"CACNA1H"
187648,"CACNA1H"
509908,"CACNA2D1"
509900,"CACNA2D1"
178582,"CACNA2D1"
24586,"CACNB2"
171120,"CACNB2"
389945,"CACNB2"
39971,"CANT1"
39974,"CANT1"
39973,"CANT1"
39975,"CANT1"
39976,"CANT1"
227582,"CAPN1"
227580,"CAPN1"
227581,"CAPN1"
441716,"CAPN3"
32654,"CAPN3"
547425,"CAPN3"
48405,"CAPN5"
57809,"CARD11"
57810,"CARD11"
57811,"CARD11"
199872,"CARD11"
40293,"CARD14"
646918,"CARD14"
410301,"CARD14"
532003,"CARD14"
167932,"CASK"
38896,"CASK"
167917,"CASK"
38894,"CASK"
575414,"CASK"
580907,"CASK"
424699,"CASK"
1041885,"CASR"
393277,"CASR"
359434,"CASR"
23396,"CASR"
943272,"CASR"
75244,"CASR"
792995,"CASR"
23391,"CASR"
1004443,"CASR"
23393,"CASR"
931714,"CASR"
367131,"CASR"
367131,"CASR"
367131,"CASR"
367131,"CASR"
1055283,"CASR"
611578,"CASR"
451932,"CASR"
393250,"CASR"
1041887,"CASR"
630780,"CASR"
393273,"CASR"
980318,"CASR"
989190,"CASR"
931706,"CASR"
451984,"CASR"
23390,"CASR"
44449,"CASR"
23373,"CASR"
23372,"CASR"
23362,"CASR"
393205,"CASR"
23368,"CASR"
23352,"CASR"
23369,"CASR"
264107,"CASR"
187225,"CAST"
187223,"CAST"
187224,"CAST"
71562,"CAV1"
205252,"CAV1"
23330,"CAV3"
23333,"CAV3"
23331,"CAV3"
23335,"CAV3"
210412,"CBS"
15159,"CBS"
15784,"CC2D2A"
214179,"CC2D2A"
15782,"CC2D2A"
1025706,"CC2D2A"
214177,"CC2D2A"
15783,"CC2D2A"
76858,"CCDC39"
451983,"CCDC39"
76906,"CCDC39"
577001,"CCM2"
17723,"CCM2"
17725,"CCM2"
581329,"CCM2"
511619,"CCN6"
21420,"CCN6"
236877,"CDC14A"
236878,"CDC14A"
263995,"CDC73"
1109790,"CDC73"
18311,"CDC73"
627176,"CDC73"
976205,"CDC73"
1062313,"CDKN1C"
44200,"CDKN1C"
44202,"CDKN1C"
44203,"CDKN1C"
136352,"CDKN1C"
44199,"CDKN1C"
809415,"CDKN2A"
180312,"CDKN2A"
363182,"CDKN2A"
182933,"CDKN2A"
617527,"CDKN2A"
363264,"CDKN2A"
363189,"CDKN2A"
240597,"CDKN2A"
24459,"CDKN2A"
50018,"CDKN2A"
407664,"CDKN2A"
946557,"CDKN2A"
212666,"CDKN2A"
389148,"CDON"
16372,"CEP290"
39648,"CEP57"
39649,"CEP57"
32566,"CETP"
205070,"CFAP53"
213776,"CFAP53"
31119,"CFB"
31119,"CFB"
31119,"CFB"
31119,"CFB"
31118,"CFB"
1044055,"CFB"
818244,"CFB"
227292,"CFB;C2"
20227,"CFC1"
20226,"CFC1"
140438,"CFC1"
31597,"CFH"
624165,"CFH"
487243,"CFTR"
22178,"CFTR"
44545,"CFTR"
22235,"CFTR"
193438,"CFTR"
68442,"CFTR"
67864,"CFTR"
68708,"CFTR"
68306,"CFTR"
68210,"CFTR"
22144,"CFTR"
214567,"CHAMP1"
214566,"CHAMP1"
204638,"CHAMP1"
206661,"CHAMP1"
206662,"CHAMP1"
214569,"CHAMP1"
214571,"CHAMP1"
214570,"CHAMP1"
32554,"CHAT"
150458,"CHCHD10"
178407,"CHCHD10"
97526,"CHD2"
97528,"CHD2"
215122,"CHD2"
552125,"CHD7"
682810,"CHD7"
565185,"CHD7"
946142,"CHD7"
1061380,"CHD7"
407417,"CHD7"
457929,"CHD7"
934383,"CHD7"
259903,"CHD7"
1061375,"CHD7"
1061379,"CHD7"
262651,"CHD7"
980509,"CHD7"
425800,"CHD7"
955480,"CHD7"
969282,"CHD7"
17077,"CHD7"
458971,"CHD7"
369983,"CHD7"
458486,"CHD7"
168602,"CHD7"
969781,"CHD7"
424563,"CHD7"
481822,"CHD7"
458569,"CHD7"
1061389,"CHD7"
215386,"CHD7"
133536,"CHEK2"
133499,"CHEK2"
152238,"CHEK2"
133510,"CHEK2"
575235,"CHEK2"
222860,"CHEK2"
939699,"CHM"
800661,"CHM"
265068,"CHM"
623919,"CHM"
48408,"CHM"
951910,"CHM"
48436,"CHMP1A"
16125,"CHMP4B"
16124,"CHMP4B"
32590,"CHN1"
32594,"CHN1"
32592,"CHN1"
32593,"CHN1"
32595,"CHN1"
32591,"CHN1"
32589,"CHN1"
38577,"CHN1"
38578,"CHN1"
214810,"CHRDL1"
49452,"CHRNA4"
33412,"CHRNB1"
49456,"CHRNB2"
49457,"CHRNB2"
33402,"CHRND"
244117,"CHRNE"
33460,"CHST14"
439521,"CHST14"
17376,"CHST14"
17378,"CHST14"
17379,"CHST14"
17380,"CHST14"
17381,"CHST14"
439519,"CHST14"
439520,"CHST14"
429647,"CHST14"
488950,"CHST6"
20115,"CHST6"
39668,"CHSY1"
39669,"CHSY1"
39671,"CHSY1"
609316,"CIB2"
1053362,"CIB2"
24582,"CIITA"
15679,"CILK1"
172090,"CKAP2L"
172087,"CKAP2L"
172089,"CKAP2L"
172088,"CKAP2L"
172092,"CKAP2L"
805527,"CLCN1"
805527,"CLCN1"
805527,"CLCN1"
805527,"CLCN1"
933732,"CLCN1"
441049,"CLCN1"
441049,"CLCN1"
441049,"CLCN1"
441049,"CLCN1"
576940,"CLCN1"
1061030,"CLCN1"
1000576,"CLCN1"
32571,"CLCN1"
205752,"CLCN1"
32578,"CLCN1"
33892,"CLCN1"
106502,"CLCN2"
214436,"CLCN2"
106504,"CLCN2"
24077,"CLCN2"
24078,"CLCN2"
106503,"CLCN2"
204271,"CLCN5"
49403,"CLCN5"
204268,"CLCN5"
26847,"CLCN5"
49402,"CLCN5"
49407,"CLCN5"
49405,"CLCN5"
49406,"CLCN5"
49408,"CLCN5"
26841,"CLCN5"
76543,"CLCN7"
1063506,"CLCN7"
21901,"CLCN7"
21902,"CLCN7"
973985,"CLCN7"
22629,"CLCNKA"
22638,"CLCNKB"
440397,"CLCNKB"
963347,"CLCNKB"
488753,"CLCNKB"
22630,"CLCNKB"
22631,"CLCNKB"
22633,"CLCNKB"
22634,"CLCNKB"
22632,"CLCNKB"
536195,"CLDN16"
20975,"CLDN16"
20973,"CLDN16"
20974,"CLDN16"
20967,"CLDN16"
20967,"CLDN16"
20967,"CLDN16"
20967,"CLDN16"
536194,"CLDN16"
20972,"CLDN16"
20966,"CLDN16"
59505,"CLMP"
59508,"CLMP"
59507,"CLMP"
59506,"CLMP"
548148,"CLN6"
389162,"CLN6"
263873,"CLPB"
185684,"CLPB"
263881,"CLPB"
263879,"CLPB"
185683,"CLPB"
185681,"CLPB"
263878,"CLPB"
263877,"CLPB"
185680,"CLPB"
185682,"CLPB"
185679,"CLPB"
263872,"CLPB"
263876,"CLPB"
481274,"CLTC"
1059541,"CNGA3"
856226,"CNGA3"
677413,"CNGA3"
24520,"CNGA3"
788758,"CNGA3"
856231,"CNGA3"
931646,"CNGA3"
494983,"CNGA3"
488680,"CNGA3"
24521,"CNGA3"
259747,"CNGA3"
856239,"CNGA3"
494985,"CNGA3"
431657,"CNGA3"
24512,"CNGA3"
24514,"CNGA3"
24513,"CNGA3"
24516,"CNGA3"
24518,"CNGA3"
24519,"CNGA3"
24517,"CNGA3"
24515,"CNGA3"
20264,"CNGB3"
417119,"CNGB3"
20266,"CNGB3"
544475,"CNGB3"
494986,"CNGB3"
417136,"CNGB3"
39641,"CNNM2"
190115,"CNNM2"
190116,"CNNM2"
190117,"CNNM2"
623272,"CNNM4"
237757,"CNTNAP1"
485965,"COG6"
485963,"COG6"
38601,"COL11A1"
38604,"COL11A1"
32165,"COL11A2"
32167,"COL11A2"
200692,"COL12A1"
215673,"COL13A1"
205532,"COL17A1"
205533,"COL17A1"
44588,"COL1A1"
1062640,"COL2A1"
273559,"COL2A1"
260019,"COL2A1"
511996,"COL2A1"
1062623,"COL2A1"
753392,"COL2A1"
948035,"COL2A1"
408666,"COL2A1"
421923,"COL2A1"
32417,"COL2A1"
443181,"COL4A3"
609307,"COL4A3;MFF-DT"
36133,"COL4A5"
190064,"COL6A3"
190060,"COL6A3"
190061,"COL6A3"
190062,"COL6A3"
708913,"COL7A1"
359584,"COL7A1"
38600,"COL9A2"
16479,"COQ2"
206952,"covers 10 genes
51309,"CP"
51307,"CP"
367283,"CP"
51285,"CP"
51286,"CP"
51216,"CP"
51288,"CP"
51228,"CP"
51287,"CP"
51220,"CP"
76552,"CPT1A"
140731,"CPT2"
199966,"CPT2"
105795,"CRB1"
359259,"CRB1"
227208,"CRB1"
152885,"CRB1"
178866,"CRB2"
178869,"CRB2"
536756,"CRB2"
178871,"CRB2"
178872,"CRB2"
178864,"CRB2"
178865,"CRB2"
178867,"CRB2"
178868,"CRB2"
169219,"CREBBP"
169227,"CREBBP"
208273,"CREBBP"
611421,"CREBBP"
1063640,"CREBBP"
377560,"CREBBP"
169226,"CREBBP"
100935,"CREBBP"
682887,"CREBBP"
40244,"CRPPA"
166227,"CRPPA"
264316,"CRPPA"
267083,"CRPPA"
1061058,"CRPPA"
494083,"CRPPA"
552116,"CRPPA"
1059736,"CRTAP"
19989,"CRTAP"
105509,"CRX"
105487,"CRX"
31994,"CRYAB"
31992,"CRYAB"
38766,"CSF1R"
46935,"CSF1R"
38768,"CSF1R"
38765,"CSF1R"
171705,"CSF3R"
171707,"CSF3R"
171706,"CSF3R"
38848,"CSTA"
204993,"CSTA"
204994,"CSTA"
70599,"CSTB"
23439,"CSTB"
23435,"CSTB"
170953,"CTLA4"
264142,"CTNNB1"
424488,"CTNND2"
438289,"CTNND2"
186969,"CTNS"
19481,"CTNS"
358430,"CTNS"
186973,"CTNS"
19480,"CTNS"
262353,"CTNS"
19482,"CTNS"
609348,"CTRC"
15426,"CTSA"
15420,"CTSA"
514633,"CTSC"
150119,"CTSC"
22339,"CTSC"
22328,"CTSC"
22330,"CTSC"
22336,"CTSC"
22340,"CTSC"
106400,"CUL3"
39279,"CUL3"
106399,"CUL3"
106398,"CUL3"
415736,"CUL4B"
26378,"CUL4B"
26377,"CUL4B"
653901,"CUL4B"
964567,"CUL4B"
247631,"CWF19L1"
29059,"CXCR4"
29061,"CXCR4"
32562,"CYP11A1"
32561,"CYP11A1"
31919,"CYP11B2"
360099,"CYP19A1"
32865,"CYP19A1"
873802,"CYP19A1"
801602,"CYP1B1"
22778,"CYP1B1"
22776,"CYP1B1"
79359,"CYP1B1"
22783,"CYP1B1"
39180,"CYP1B1"
906005,"CYP1B1"
39179,"CYP1B1"
389510,"CYP1B1"
22769,"CYP1B1"
976289,"CYP21A2"
976289,"CYP21A2"
976289,"CYP21A2"
976289,"CYP21A2"
190758,"CYP21A2"
27218,"CYP21A2"
27220,"CYP21A2"
788798,"CYP21A2"
788798,"CYP21A2"
788798,"CYP21A2"
788798,"CYP21A2"
27195,"CYP21A2"
27195,"CYP21A2"
27195,"CYP21A2"
27195,"CYP21A2"
27195,"CYP21A2"
27195,"CYP21A2"
27195,"CYP21A2"
27195,"CYP21A2"
27195,"CYP21A2"
976294,"CYP21A2"
976287,"CYP21A2"
576922,"CYP21A2"
227295,"CYP21A2"
789181,"CYP21A2"
27222,"CYP21A2"
976284,"CYP21A2"
982634,"CYP21A2"
27189,"CYP21A2"
27198,"CYP21A2"
976293,"CYP21A2"
976293,"CYP21A2"
976293,"CYP21A2"
976293,"CYP21A2"
793188,"CYP21A2"
576924,"CYP21A2"
576924,"CYP21A2"
576924,"CYP21A2"
576924,"CYP21A2"
27192,"CYP21A2"
27191,"CYP21A2;TNXB;LOC106780800"
38632,"CYP24A1"
620665,"CYP24A1"
345557,"CYP24A1"
38635,"CYP24A1"
38634,"CYP24A1"
620664,"CYP24A1"
1056616,"CYP24A1"
270131,"CYP24A1"
951130,"CYP24A1"
1014173,"CYP24A1"
919921,"CYP24A1"
488178,"CYP26C1"
76786,"CYP27A1"
16713,"CYP27B1"
16712,"CYP27B1"
16708,"CYP27B1"
181379,"CYP2D6"
953622,"CYP2U1"
431672,"CYP4V2"
205060,"DAG1"
540634,"DBT"
205728,"DCAF17"
15570,"DCAF17"
40265,"DCAF17"
19714,"DCLRE1C"
1061878,"DCLRE1C"
1061878,"DCLRE1C"
1061878,"DCLRE1C"
1061878,"DCLRE1C"
19704,"DCLRE1C"
19712,"DCLRE1C"
19716,"DCLRE1C"
19713,"DCLRE1C"
1061883,"DCLRE1C"
248738,"DCLRE1C"
169933,"DCX"
26638,"DCX"
169883,"DCX"
169867,"DCX"
169849,"DCX"
27352,"DDR2"
27353,"DDR2"
27354,"DDR2"
75297,"DDR2"
495899,"DDX3X"
204054,"DDX3X"
378314,"DDX3X"
792452,"DDX3X"
204050,"DDX3X"
265161,"DDX3X"
611947,"DDX3X"
422479,"DDX3X"
205063,"DDX3X"
205064,"DDX3X"
205065,"DDX3X"
204061,"DDX3X"
204058,"DDX3X"
969437,"DDX3X"
362169,"DDX3X"
205066,"DDX3X"
361243,"DDX3X"
204060,"DDX3X"
137031,"DEAF1"
59813,"DEPDC5"
259368,"DEPDC5"
59814,"DEPDC5"
59815,"DEPDC5"
259350,"DEPDC5"
181178,"DEPDC5"
259356,"DEPDC5"
259341,"DEPDC5"
259363,"DEPDC5"
259346,"DEPDC5"
143125,"DEPDC5"
173493,"DES"
173633,"DES"
439576,"DGKE"
247473,"DGUOK"
214405,"DIAPH1"
214406,"DIAPH1"
229284,"DIAPH1"
248841,"DICER1"
248826,"DICER1"
248849,"DICER1"
248830,"DICER1"
242017,"DICER1"
241937,"DICER1"
364831,"DISP1"
200769,"DLL4"
200770,"DLL4"
200768,"DLL4"
200767,"DLL4"
200766,"DLL4"
200763,"DLL4"
200762,"DLL4"
200764,"DLL4"
200765,"DLL4"
24111,"DLX3"
1108260,"DMD"
471851,"DMD"
649953,"DMD"
100739,"DMD"
198565,"DMD"
195481,"DMD"
26315,"DMD"
587019,"DMP1"
15305,"DNAAF1"
15304,"DNAAF1"
15306,"DNAAF1"
176021,"DNAAF1"
48393,"DNAAF11"
48395,"DNAAF11"
48394,"DNAAF11"
48396,"DNAAF11"
48397,"DNAAF11"
40207,"DNAAF3"
40206,"DNAAF3"
40205,"DNAAF3"
567209,"DNAAF4"
79340,"DNAAF4"
242088,"DNAAF4"
79339,"DNAAF4"
229575,"DNAH11"
240040,"DNAH11"
229579,"DNAH11"
240068,"DNAH11"
457637,"DNAH11"
45639,"DNAH11"
1055673,"DNAH11"
456971,"DNAH11"
651793,"DNAH11"
272981,"DNAI1"
20644,"DNAI1"
19994,"DNAI2"
172297,"DNAJC3"
31890,"DNASE1"
39212,"DNASE1L3"
22316,"DNM2"
22320,"DNM2"
22321,"DNM2"
919815,"DNM2"
245117,"DNM2"
21772,"DNMT3B"
21779,"DNMT3B"
363998,"DOCK8"
226224,"DOCK8"
565941,"DOCK8"
187269,"DPP6"
105990,"DPYD"
70498,"DRC1"
70497,"DRC1"
178726,"DSC2"
419290,"DSC2"
860471,"DSG1;DSG1-AS1"
174142,"DSP"
31896,"DSPP"
19101,"DUOX2"
409244,"DUOX2"
620519,"DUOX2"
227368,"DUOX2"
754476,"DUOX2"
18230,"DYM"
18228,"DYM"
860481,"DYM;LOC100129878"
38986,"DYNC1H1"
171871,"DYRK1A"
171873,"DYRK1A"
265113,"DYRK1A"
136541,"DYRK1B"
136542,"DYRK1B"
272053,"DYSF"
24172,"ECE1"
22510,"ECM1"
224659,"ECM1"
224663,"ECM1"
22511,"ECM1"
22514,"ECM1"
974946,"ECM1"
534909,"EDA"
247464,"EDA"
247465,"EDA"
26084,"EDA"
1065487,"EDA"
188150,"EDNRA"
188151,"EDNRA"
31675,"EDNRB"
31672,"EDNRB"
31673,"EDNRB"
31674,"EDNRB"
806250,"EFNB1"
411447,"EFNB1"
26754,"EFNB1"
26749,"EFNB1"
26751,"EFNB1"
26750,"EFNB1"
860918,"EFNB1"
26748,"EFNB1"
429977,"EFTUD2"
48561,"EFTUD2"
167357,"EGFR"
18645,"EHMT1"
444457,"EHMT1"
18644,"EHMT1"
513345,"EIF2B2"
259874,"ELN"
98348,"EMD"
26218,"EMD"
458254,"ENG"
565523,"ENG"
1028862,"ENG"
609707,"ENG"
625987,"ENG"
970587,"ENG"
609706,"ENG"
171111,"ENG"
240458,"ENG"
31713,"ENG"
28634,"ENPP1"
538383,"ENPP1"
1060613,"ENPP1"
28633,"ENPP1"
434513,"EP300"
389179,"EPB41L1"
28272,"EPB42"
18145,"EPM2A"
18140,"EPM2A"
1055575,"EPM2A"
565458,"EPM2A"
368890,"EPM2A"
18139,"EPM2A"
201924,"EPM2A"
18141,"EPM2A"
31639,"EPOR"
990998,"ERBIN"
620029,"ERCC3"
259693,"ERCC3"
75131,"ESR1"
211889,"ETHE1"
932427,"EVC"
1028280,"EXT1"
17536,"EXT1"
934081,"EXT1"
934078,"EXT1"
925006,"EXT1"
17537,"EXT1"
1061214,"EXT1"
1007752,"EXT1"
444802,"EXT2"
994514,"EXT2"
805692,"EXT2"
22976,"EYA1"
22977,"EYA1"
22975,"EYA1"
57270,"EYA1"
22979,"EYA1"
22980,"EYA1"
22974,"EYA1"
31578,"F13A1"
615535,"F7"
1159392,"F9"
260669,"FAM111B"
260668,"FAM111B"
15076,"FAM161A"
15077,"FAM161A"
15078,"FAM161A"
45730,"FANCB"
45729,"FANCB"
205671,"FANCL"
205672,"FANCL"
437967,"FANCM"
205208,"FANCM"
31538,"FAS"
31540,"FAS"
15680,"FASTKD2"
31501,"FBN1"
31471,"FBN1"
175988,"FBN1"
485761,"FBN1"
539789,"FBN1"
791468,"FBN1"
1026264,"FBN2"
76994,"FBXL4"
76992,"FBXL4"
76993,"FBXL4"
225907,"FERMT1"
17755,"FERMT1"
225898,"FERMT1"
410782,"FERMT1"
17754,"FERMT1"
17756,"FERMT1"
17757,"FERMT1"
225893,"FERMT1"
166017,"FEZF1"
166016,"FEZF1"
496315,"FGB"
22568,"FGF10"
22571,"FGF10"
22572,"FGF10"
260857,"FGF12"
24161,"FGF8"
24160,"FGF8"
24162,"FGF8"
24165,"FGF8"
24163,"FGF8"
236854,"FGF8"
31328,"FGFR1"
444277,"FGFR1"
421674,"FGFR1"
31325,"FGFR1"
31326,"FGFR1"
31329,"FGFR1"
31338,"FGFR1"
31337,"FGFR1"
31339,"FGFR1"
425793,"FGFR1"
178337,"FGFR1"
31330,"FGFR1"
31333,"FGFR1"
31334,"FGFR1"
31332,"FGFR1"
59836,"FGFR1"
76981,"FGFR1"
224978,"FGFR1"
76982,"FGFR1"
76980,"FGFR1"
224976,"FGFR1"
359841,"FGFR1"
415129,"FGFR1"
136395,"FGFR1"
31336,"FGFR1"
205245,"FGFR3"
38478,"FGFR3"
166328,"FGFR3"
31381,"FGFR3"
380450,"FH"
98364,"FH"
380456,"FH"
380464,"FH"
421012,"FH"
187243,"FIBP"
16760,"FIG4"
18242,"FKTN"
99429,"FKTN"
99428,"FKTN"
1012603,"FLCN"
138166,"FLCN"
247646,"FLCN"
31359,"FLG"
404918,"FLG"
805166,"FLG"
404913,"FLG"
495069,"FLG"
31358,"FLG"
65594,"FLG"
65592,"FLG"
31360,"FLG"
227198,"FLG"
364387,"FLG"
132362,"FLG"
259630,"FLG"
611490,"FLG"
536220,"FLG"
550345,"FLG"
227199,"FLG"
359199,"FLG"
805164,"FLG"
26803,"FLNA"
259171,"FLNA"
210455,"FLNA"
134522,"FLNA"
508010,"FLNA"
430730,"FLNA"
208974,"FLNA"
26791,"FLNA"
26792,"FLNA"
26804,"FLNA"
99665,"FLNA"
404472,"FLNA"
573723,"FLNA"
481081,"FLNA"
656752,"FLNA"
471406,"FLNA"
959204,"FLNA"
580869,"FLNA"
404171,"FLNA"
232151,"FLNA"
26809,"FLNA"
26810,"FLNA"
188014,"FLNA"
481083,"FLNA"
682802,"FLNB"
172284,"FMN2"
227205,"FMO3"
862792,"FMO3"
25009,"FMR1"
25008,"FMR1"
486789,"FOXC1"
22026,"FOXE1"
1065743,"FOXE3"
23486,"FOXE3"
942026,"FOXE3"
1065749,"FOXE3"
918642,"FOXE3"
495577,"FOXG1"
265382,"FOXH1"
19903,"FOXL2"
19906,"FOXL2"
622801,"FOXL2"
354129,"FOXL2"
19892,"FOXL2"
19902,"FOXL2"
19902,"FOXL2"
19902,"FOXL2"
19902,"FOXL2"
354123,"FOXL2"
354142,"FOXL2"
354144,"FOXL2"
354144,"FOXL2"
354144,"FOXL2"
354144,"FOXL2"
354127,"FOXL2"
354133,"FOXL2"
26458,"FOXP3"
26458,"FOXP3"
26458,"FOXP3"
26458,"FOXP3"
573904,"FOXP3"
15044,"FOXRED1"
15045,"FOXRED1"
40005,"FOXRED1"
17853,"FRAS1"
17854,"FRAS1"
39720,"FREM1"
214801,"FRRS1L"
214802,"FRRS1L"
214799,"FRRS1L"
214800,"FRRS1L"
70669,"FSHR"
31283,"FSHR"
31284,"FSHR"
102583,"FTL"
16094,"FTO"
204571,"FTO"
31266,"FUS"
742036,"FUT2"
19024,"FXN"
19024,"FXN"
19024,"FXN"
19024,"FXN"
1036679,"FXN"
540456,"FXN"
19020,"FXN"
19023,"FXN"
404859,"FYB1"
39831,"G6PC3"
98380,"GAA"
548801,"GAA"
187013,"GAA"
358508,"GAA"
19068,"GAA"
31253,"GABRA1"
132688,"GABRA1"
1031876,"GABRB3"
31248,"GABRG2"
75270,"GABRG2"
389160,"GALC"
98404,"GALC"
191341,"GALNS"
1153527,"GALNT2"
18653,"GALT"
361521,"GAN"
625321,"GAN"
570559,"GAN"
24248,"GARS1"
625140,"GARS1"
216924,"GAS8"
216925,"GAS8"
216926,"GAS8"
452054,"GATA2"
31669,"GATA3"
31662,"GATA3"
39055,"GATA4"
94407,"GATA4"
217248,"GATA4"
39058,"GATA4"
488093,"GATA5"
488092,"GATA5"
488094,"GATA5"
647090,"GATA6"
76353,"GATAD2B"
48264,"GATAD2B"
486844,"GBA"
49927,"GBA2"
49924,"GBA2"
626075,"GBA2"
49925,"GBA2"
171166,"GCH1"
24322,"GCH1"
437970,"GCH1"
44920,"GCK"
792671,"GCK"
407144,"GCK"
441116,"GCK"
619858,"GCK"
609050,"GCK"
793220,"GCK"
44907,"GCK"
192186,"GCK"
266594,"GDF1"
410558,"GDF1"
21787,"GDF1"
21788,"GDF1;CERS1"
222804,"GDF1;CERS1"
21786,"GDF1;CERS1"
23420,"GDF5"
23423,"GDF5"
23425,"GDF5"
23427,"GDF5"
192255,"GDF5"
486670,"GDF6"
23800,"GDNF"
23797,"GDNF"
23798,"GDNF"
23799,"GDNF"
188171,"GFAP"
32023,"GJA1"
359706,"GJA1"
428502,"GJA1"
32027,"GJA1"
199878,"GJA1"
199879,"GJA1"
199880,"GJA1"
32037,"GJA5"
23761,"GJA8"
625668,"GJB1"
625582,"GJB1"
625645,"GJB1"
470975,"GJB1"
25472,"GJB1"
442454,"GJB1"
25480,"GJB1"
33936,"GJB1"
625515,"GJB1"
213891,"GJB1"
33934,"GJB1"
32045,"GJB2"
32064,"GJB2"
32048,"GJB2"
53916,"GJB2"
186859,"GJB2"
32063,"GJB2"
1062794,"GJB2"
32069,"GJB2"
32042,"GJB2"
34237,"GJB2"
32072,"GJB2"
32053,"GJB2"
32055,"GJB2"
20583,"GJB6"
20586,"GJB6"
20582,"GJB6"
238216,"GJC2"
683308,"GJC2"
442730,"GJC2"
223951,"GLA"
976481,"GLA"
917346,"GLA"
488026,"GLA"
917351,"GLA"
917351,"GLA"
917351,"GLA"
917351,"GLA"
492217,"GLA"
25754,"GLA"
25754,"GLA"
25754,"GLA"
25754,"GLA"
223819,"GLA"
980207,"GLA"
98454,"GLA"
98454,"GLA"
98454,"GLA"
98454,"GLA"
176805,"GLA"
488029,"GLA"
488029,"GLA"
488029,"GLA"
488029,"GLA"
488029,"GLA"
488029,"GLA"
488029,"GLA"
488029,"GLA"
488029,"GLA"
98450,"GLA"
98450,"GLA"
98450,"GLA"
98450,"GLA"
917354,"GLA"
917354,"GLA"
917354,"GLA"
917354,"GLA"
849527,"GLA"
490212,"GLA"
269807,"GLA"
224036,"GLA"
98464,"GLA"
272545,"GLA"
272545,"GLA"
272545,"GLA"
272545,"GLA"
510889,"GLA"
510889,"GLA"
510889,"GLA"
510889,"GLA"
223952,"GLA"
951562,"GLA"
951562,"GLA"
951562,"GLA"
951562,"GLA"
177745,"GLA"
179864,"GLA"
195562,"GLA"
51622,"GLA"
274979,"GLA"
274979,"GLA"
274979,"GLA"
274979,"GLA"
51632,"GLA"
25810,"GLA"
25810,"GLA"
25810,"GLA"
25810,"GLA"
179881,"GLA"
98453,"GLA"
411074,"GLA"
975850,"GLA"
214016,"GLA"
25813,"GLA"
38452,"GLA"
38452,"GLA"
38452,"GLA"
38452,"GLA"
621668,"GLA"
223927,"GLA"
25779,"GLA"
25779,"GLA"
25779,"GLA"
25779,"GLA"
25779,"GLA"
25779,"GLA"
25779,"GLA"
25779,"GLA"
25779,"GLA"
586476,"GLA"
25762,"GLA"
621669,"GLA"
1107914,"GLA"
488069,"GLA"
98477,"GLA"
98477,"GLA"
98477,"GLA"
98477,"GLA"
98482,"GLA"
224041,"GLA"
621663,"GLA"
621663,"GLA"
621663,"GLA"
621663,"GLA"
25792,"GLA"
224124,"GLA"
672456,"GLA"
223900,"GLA"
1038953,"GLA"
195561,"GLA"
917340,"GLA"
917340,"GLA"
917340,"GLA"
917340,"GLA"
179872,"GLA"
575315,"GLA"
224111,"GLA"
1152961,"GLA"
587750,"GLA"
1052999,"GLA"
574245,"GLA"
574245,"GLA"
574245,"GLA"
574245,"GLA"
194798,"GLA"
194798,"GLA"
194798,"GLA"
194798,"GLA"
214049,"GLA"
214045,"GLA"
98475,"GLA"
999567,"GLA"
999567,"GLA"
999567,"GLA"
999567,"GLA"
999567,"GLA"
999567,"GLA"
999567,"GLA"
999567,"GLA"
999567,"GLA"
985662,"GLA"
1052229,"GLA"
980398,"GLA"
914999,"GLA"
914999,"GLA"
914999,"GLA"
914999,"GLA"
25758,"GLA"
25758,"GLA"
25758,"GLA"
25758,"GLA"
51629,"GLA"
224055,"GLA"
223886,"GLA"
914998,"GLA"
985664,"GLA"
223955,"GLA"
25791,"GLA"
534985,"GLA"
25756,"GLA"
25756,"GLA"
25756,"GLA"
25756,"GLA"
25763,"GLA"
25764,"GLA"
25767,"GLA"
25769,"GLA"
25773,"GLA"
939391,"GLA"
25765,"GLA"
25766,"GLA"
25768,"GLA"
214022,"GLA"
25781,"GLA"
25803,"GLA"
583257,"GLA"
25802,"GLA"
1053486,"GLA"
51626,"GLA"
492756,"GLA"
917343,"GLA"
537031,"GLA"
224127,"GLA"
585239,"GLA"
985665,"GLA"
621667,"GLA"
98461,"GLA"
224000,"GLA"
951563,"GLA"
586025,"GLA"
491279,"GLA"
269855,"GLA"
245172,"GLA"
179868,"GLA"
223822,"GLA"
223935,"GLA"
223935,"GLA"
223935,"GLA"
223935,"GLA"
98458,"GLA"
224099,"GLA"
223894,"GLA"
223824,"GLA"
178194,"GLA"
25760,"GLA"
379884,"GLA"
25752,"GLA"
224116,"GLA"
224116,"GLA"
224116,"GLA"
224116,"GLA"
195560,"GLA"
179870,"GLA"
223795,"GLA"
537581,"GLA;RPL36A-HNRNPH2"
224004,"GLA;RPL36A-HNRNPH2"
237115,"GLDC"
460137,"GLDC"
545600,"GLDC"
415199,"GLDC"
389138,"GLDC"
28874,"GLI2"
250137,"GLI2"
28864,"GLI3"
28870,"GLI3"
236899,"GLI3"
22845,"GLMN"
918660,"GLMN"
22846,"GLMN"
654219,"GLMN"
974989,"GLMN"
513903,"GLMN"
513903,"GLMN"
513903,"GLMN"
513903,"GLMN"
31104,"GLRA1"
31167,"GLUD1"
31168,"GLUD1"
94273,"GMPPA"
165722,"GNA11"
1022020,"GNAS"
757627,"GNAS"
422331,"GNAS"
422331,"GNAS"
422331,"GNAS"
422331,"GNAS"
30992,"GNAS"
805116,"GNAS"
481553,"GNAT1"
226502,"GNB1"
226499,"GNB1"
226496,"GNB1"
226501,"GNB1"
226500,"GNB1"
226497,"GNB1"
21072,"GNE"
545428,"GNE"
544890,"GNE"
489998,"GNE"
267515,"GNE"
49657,"GNE"
357798,"GNE"
17813,"GNPTAB"
46972,"GNPTAB"
47684,"GNPTAB"
47653,"GNPTAB"
431017,"GNPTG"
31071,"GNRHR"
31070,"GNRHR"
31069,"GNRHR"
31073,"GNRHR"
31075,"GNRHR"
443633,"GNRHR"
38410,"GNRHR"
620173,"GNRHR"
31062,"GNRHR"
31063,"GNRHR"
31066,"GNRHR"
31067,"GNRHR"
31065,"GNRHR"
17975,"GNS"
17691,"GORAB"
17689,"GORAB"
214774,"GORAB"
39363,"GOSR2"
26728,"GPC3"
26726,"GPC3"
939439,"GPC3"
26733,"GPC3"
26734,"GPC3"
20588,"GPC6"
20591,"GPC6"
15827,"GPD1L"
15828,"GPD1L"
15826,"GPD1L"
104516,"GPR143"
404876,"GPSM2"
107263,"GRHL3"
48486,"GRIA1"
25397,"GRIA3"
25395,"GRIA3"
48261,"GRIN2A"
94307,"GRIN2A"
259310,"GRIN2A"
426682,"GRIN2A"
134635,"GRIN2A"
426695,"GRIN2A"
426693,"GRIN2A"
426691,"GRIN2A"
426690,"GRIN2A"
426689,"GRIN2A"
401964,"GRIN2A"
426688,"GRIN2A"
645260,"GRIN2A"
800674,"GRIN2A"
203358,"GRIN2A"
203354,"GRIN2A"
48262,"GRIN2A"
904937,"GRIN2B"
38685,"GRIN2B"
152907,"GRIN2B"
171801,"GRIN2B"
171802,"GRIN2B"
904939,"GRIN2B"
389155,"GRIP1"
439270,"GRM1"
973086,"GRM1"
104062,"GRN"
31059,"GRN"
441957,"GRN"
430968,"GRN"
104024,"GRN"
31052,"GRN"
104043,"GRN"
104071,"GRN"
445784,"GRN"
580336,"GRN"
137086,"GRXCR2"
23569,"GSS"
23570,"GSS"
1152888,"GSS"
24191,"GUCA1A;LOC118142757"
76355,"GUCY1A1"
537275,"GUCY2D"
104431,"GUCY2D"
104474,"GUCY2D"
962956,"GUCY2D"
104456,"GUCY2D"
24389,"GUCY2D"
104429,"GUCY2D"
104465,"GUCY2D"
962932,"GUCY2D"
104468,"GUCY2D"
104476,"GUCY2D"
104461,"GUCY2D"
223020,"HACE1"
223019,"HACE1"
223018,"HACE1"
227694,"HAL"
48573,"HARS1"
214145,"HARS1"
214146,"HARS1"
214148,"HARS1"
214147,"HARS1"
34296,"HCCS"
361763,"HCN4"
20214,"HCN4"
20212,"HCN4"
510681,"HCN4"
937067,"HCN4"
20213,"HCN4"
917373,"HDAC8"
48309,"HDAC8"
48310,"HDAC8"
48313,"HDAC8"
48311,"HDAC8"
48312,"HDAC8"
678953,"HDAC8"
39873,"HEPACAM"
39878,"HEPACAM"
22731,"HESX1"
22730,"HESX1"
18943,"HEXA"
18931,"HEXA"
15050,"HFE"
18210,"HGD"
18204,"HGD"
18204,"HGD"
18204,"HGD"
18204,"HGD"
18205,"HGD"
1059578,"HGD"
18208,"HGD"
1053861,"HGD"
186670,"HGD"
18212,"HGD"
186672,"HGD"
18214,"HGD"
18206,"HGD"
18211,"HGD"
176990,"HGSNAT"
975899,"HHAT"
859375,"HINT1"
45888,"HINT1"
45889,"HINT1"
45890,"HINT1"
45891,"HINT1"
45892,"HINT1"
45893,"HINT1"
625108,"HINT1"
45887,"HINT1"
226613,"HIVEP2"
237780,"HIVEP2"
411619,"HK1"
549030,"HLCS"
549093,"HLCS"
141248,"HLCS"
214519,"HMCN1"
29981,"HNF1A"
961094,"HNF1A"
986029,"HNF1A"
29986,"HNF1A"
138250,"HNF1A"
441528,"HNF1A"
623440,"HNF1B"
623467,"HNF1B"
360306,"HNF1B"
623517,"HNF1B"
623471,"HNF1B"
27674,"HNF1B"
24255,"HNF4A"
24251,"HNF4A"
216927,"HNMT"
15069,"HOGA1"
200682,"HOGA1"
200670,"HOGA1"
200677,"HOGA1"
200680,"HOGA1"
200652,"HOGA1"
200653,"HOGA1"
200655,"HOGA1"
486705,"HOXB1"
48380,"HOXC13"
29927,"HOXD4"
15123,"HPSE2"
15124,"HPSE2"
15122,"HPSE2"
75281,"HPSE2"
27649,"HRAS"
44160,"HRC;TRPM4"
178326,"HS6ST1"
26481,"HSD17B10"
153772,"HSD17B10"
485749,"HSD17B3"
213594,"HSD17B3"
485745,"HSD17B3"
259931,"HSD17B3"
27223,"HSD3B2"
225797,"HSPA9"
225798,"HSPA9"
222926,"HTRA1"
222928,"HTRA1"
165896,"HTRA1"
48298,"HYDIN"
48297,"HYDIN"
536141,"IBA57"
141324,"IFIH1"
141327,"IFIH1"
141326,"IFIH1"
141328,"IFIH1"
187227,"IFIH1"
800776,"IFIH1"
625260,"IGHMBP2"
171903,"IGHMBP2"
24153,"IGHMBP2"
171902,"IGHMBP2"
482001,"IGHMBP2"
231807,"IGHMBP2"
570939,"IGHMBP2"
200699,"IGHMBP2"
171904,"IGHMBP2"
625258,"IGHMBP2"
625210,"IGHMBP2"
171905,"IGHMBP2"
171906,"IGHMBP2"
926371,"IGHMBP2"
48450,"IGSF1"
48452,"IGSF1"
48449,"IGSF1"
48451,"IGSF1"
1022137,"IGSF1"
720262,"IGSF10"
26492,"IKBKG"
26493,"IKBKG"
79128,"IKBKG"
79129,"IKBKG"
26505,"IKBKG"
79130,"IKBKG"
26500,"IKBKG"
919992,"IKBKG"
379245,"IKBKG"
411205,"IKBKG"
379246,"IKBKG"
29854,"IL10RA"
269232,"IL10RA"
935401,"IL10RA"
48031,"IL10RA"
620670,"IL10RB"
939085,"IL10RB"
29093,"IL12B"
51369,"IL21R"
39447,"IL36RN"
39448,"IL36RN"
553255,"ILDR1"
39753,"ILDR1"
39754,"ILDR1"
39755,"ILDR1"
654311,"ILDR1"
737916,"INS"
29869,"INSL3"
800159,"INSR"
29750,"INSR"
196017,"INVS"
177349,"IQCB1"
18878,"IRAK4"
571871,"IRAK4"
204979,"IRF3"
447730,"IRF6"
18461,"IRF6"
18453,"IRF6"
214529,"IRF6"
39611,"IRF6"
181441,"ISCA2"
59387,"ITGA2B"
620592,"ITGA2B"
24499,"ITGB2"
24500,"ITGB2"
59381,"ITGB3"
59383,"ITGB3"
445899,"ITGB4"
178848,"ITGB6"
178849,"ITGB6"
178850,"ITGB6"
27780,"ITK"
75336,"ITK"
75337,"ITK"
21018,"ITM2B"
214743,"ITPA"
214744,"ITPA"
210309,"JAG1"
584357,"JAG1"
334808,"JAG1"
389139,"KANK1"
40354,"KANSL1"
480418,"KANSL1"
40353,"KANSL1"
625315,"KARS1"
23208,"KARS1"
28508,"KCNA5"
28510,"KCNA5"
28511,"KCNA5"
172192,"KCNC1"
28512,"KCNC3"
205316,"KCNC3"
153738,"KCND2"
76965,"KCND3"
190050,"KCND3"
76967,"KCND3"
76968,"KCND3"
136398,"KCNE1"
848735,"KCNE1"
551797,"KCNE2"
21094,"KCNE2"
21092,"KCNE2"
20581,"KCNE3"
471678,"KCNE5"
172196,"KCNH1"
442707,"KCNH1"
172193,"KCNH1"
172195,"KCNH1"
263996,"KCNH1"
181517,"KCNH1"
181519,"KCNH1"
181520,"KCNH1"
181521,"KCNH1"
181518,"KCNH1"
258472,"KCNH2"
78434,"KCNH2"
78449,"KCNH2"
78259,"KCNH2"
78298,"KCNH2"
78078,"KCNH2"
78389,"KCNH2"
78089,"KCNH2"
78077,"KCNH2"
78226,"KCNH2"
171108,"KCNH2"
576259,"KCNH2"
197252,"KCNH2"
78177,"KCNH2"
78428,"KCNH2"
577170,"KCNJ1"
24201,"KCNJ1"
22505,"KCNJ10"
22503,"KCNJ10"
22504,"KCNJ10"
22502,"KCNJ10"
22506,"KCNJ10"
22501,"KCNJ10"
22507,"KCNJ10"
49907,"KCNJ10"
201058,"KCNJ10"
546452,"KCNJ11"
34048,"KCNJ11"
23706,"KCNJ11"
23707,"KCNJ11"
23716,"KCNJ11"
34045,"KCNJ11"
207832,"KCNJ11"
429187,"KCNJ11"
269280,"KCNJ11"
546188,"KCNJ11"
23712,"KCNJ11"
1105304,"KCNJ2"
23957,"KCNJ2"
78469,"KCNJ2"
23958,"KCNJ2"
78486,"KCNJ2"
23965,"KCNJ2"
23964,"KCNJ2"
23962,"KCNJ2"
78460,"KCNJ2"
78466,"KCNJ2"
23966,"KCNJ2"
78459,"KCNJ2"
39075,"KCNJ2"
232033,"KCNJ2"
171189,"KCNJ2"
204360,"KCNJ2"
78468,"KCNJ2"
23895,"KCNJ5"
167406,"KCNJ8"
444957,"KCNJ8"
136652,"KCNK17"
75074,"KCNK3"
75075,"KCNK3"
75076,"KCNK3"
414373,"KCNK3"
75078,"KCNK3"
24466,"KCNMA1"
247170,"KCNN4"
359090,"KCNN4"
67647,"KCNQ1"
51657,"KCNQ1"
67633,"KCNQ1"
67703,"KCNQ1"
67717,"KCNQ1"
67731,"KCNQ1"
77997,"KCNQ1"
18180,"KCNQ1"
67704,"KCNQ1"
77965,"KCNQ1"
18187,"KCNQ1"
67756,"KCNQ1"
67746,"KCNQ1"
67705,"KCNQ1"
67707,"KCNQ1"
77968,"KCNQ1"
67749,"KCNQ1"
67748,"KCNQ1"
77927,"KCNQ1"
67684,"KCNQ1"
67638,"KCNQ1"
67736,"KCNQ1"
45847,"KCNQ1"
67753,"KCNQ1"
77963,"KCNQ1"
77935,"KCNQ1"
77953,"KCNQ1"
67708,"KCNQ1"
67622,"KCNQ1"
77989,"KCNQ1"
189328,"KCNQ1"
189329,"KCNQ1"
362405,"KCNQ1"
67726,"KCNQ1"
67820,"KCNQ1"
67666,"KCNQ1"
67664,"KCNQ1"
67796,"KCNQ1"
67640,"KCNQ1"
67817,"KCNQ1"
78005,"KCNQ1"
77966,"KCNQ1"
67623,"KCNQ1"
353990,"KCNQ2"
34643,"KCNQ2"
34634,"KCNQ2"
22425,"KCNQ2"
34652,"KCNQ2"
34645,"KCNQ2"
34660,"KCNQ2"
34662,"KCNQ2"
34614,"KCNQ2"
34654,"KCNQ2"
34653,"KCNQ2"
125784,"KCNQ2"
650436,"KCNQ2"
34625,"KCNQ2"
34609,"KCNQ2"
354005,"KCNQ2"
34266,"KCNQ3"
204601,"KCNQ4"
48193,"KCNT1"
48192,"KCNT1"
48196,"KCNT1"
48197,"KCNT1"
48198,"KCNT1"
458896,"KCNT1"
39122,"KIF1A"
204421,"KIF1A"
19697,"KIF1B"
19701,"KIF1B"
19698,"KIF1B"
19699,"KIF1B"
19700,"KIF1B"
17475,"KIF21A"
17926,"KIRREL3"
266181,"KISS1R"
20798,"KISS1R"
166239,"KISS1R"
28886,"KIT"
28905,"KIT"
632398,"KIT"
50038,"KIT"
453694,"KIT"
27852,"KITLG"
20385,"KL"
24039,"KLF1"
24038,"KLF1"
106659,"KLF1"
33486,"KLF1"
791895,"KLF1"
48521,"KLHL10"
106405,"KLHL3"
39476,"KLHL3"
39477,"KLHL3"
106404,"KLHL3"
106415,"KLHL3"
106410,"KLHL3"
106408,"KLHL3"
106422,"KLHL3"
106417,"KLHL3"
106414,"KLHL3"
106425,"KLHL3"
39473,"KLHL3"
39474,"KLHL3"
39478,"KLHL3"
106409,"KLHL3"
106411,"KLHL3"
106418,"KLHL3"
106407,"KLHL3"
106421,"KLHL3"
106413,"KLHL3"
106427,"KLHL3"
39480,"KLHL3"
106416,"KLHL3"
39479,"KLHL3"
39475,"KLHL3"
139347,"KMT2D"
27628,"KRAS"
40606,"KRAS"
457061,"KRIT1"
259875,"KRIT1"
441148,"KRIT1"
581351,"KRIT1"
581389,"KRIT1"
457571,"KRIT1"
1061139,"KRIT1"
955239,"KRIT1"
359673,"KRIT1"
77559,"KRT1"
77517,"KRT1"
29655,"KRT14"
29639,"KRT16"
77132,"KRT5"
29686,"KRT5"
29670,"KRT8"
798204,"L1CAM"
572310,"L1CAM"
694828,"L1CAM"
260288,"L1CAM"
568081,"L2HGDH"
16651,"L2HGDH"
568936,"L2HGDH"
178841,"LACC1"
264267,"LAMA2"
456115,"LAMA2"
98901,"LAMA2"
29337,"LAMA2"
29336,"LAMA2"
543943,"LAMA2"
456070,"LAMA2"
272150,"LAMA2"
98887,"LAMA2"
425666,"LAMA2"
548665,"LAMA3"
207623,"LAMC3"
48214,"LARP7"
389121,"LARP7"
106765,"LBR"
106762,"LBR"
246250,"LDLR"
227094,"LDLR"
354085,"LDLR"
171217,"LDLR"
246563,"LDLR"
245923,"LDLR"
17791,"LEMD3"
611979,"LEMD3"
373252,"LEMD3"
17798,"LEMD3"
1062710,"LEMD3"
585281,"LEP"
29026,"LEP"
20469,"LGI1"
20472,"LGI1"
20474,"LGI1"
205004,"LGI1"
20476,"LGI1"
20477,"LGI1"
20478,"LGI1"
20478,"LGI1"
20478,"LGI1"
20478,"LGI1"
408025,"LGI1"
485709,"LHCGR"
29448,"LHCGR"
29426,"LHCGR"
29450,"LHCGR"
29449,"LHCGR"
29430,"LHCGR"
29427,"LHCGR"
29432,"LHCGR"
29437,"LHCGR"
24068,"LHX3"
1061642,"LHX3"
226063,"LIM2"
545311,"LIPA"
545667,"LIPA"
15117,"LIPA"
683163,"LIPA"
683166,"LIPA"
29490,"LIPC"
15831,"LMF1"
153723,"LMF1"
172110,"LMNA"
29528,"LMNA"
77774,"LMNA"
171923,"LMOD3"
253293,"LMX1B"
815854,"LMX1B"
815854,"LMX1B"
815854,"LMX1B"
815854,"LMX1B"
815850,"LMX1B"
370195,"LMX1B"
259910,"LMX1B"
993123,"LMX1B"
22044,"LMX1B"
22045,"LMX1B"
432300,"LMX1B"
1055783,"LMX1B"
259911,"LMX1B"
22042,"LMX1B"
214140,"LPAR6"
16596,"LPL"
620297,"LPL"
16561,"LPL"
16566,"LPL"
16579,"LPL"
16578,"LPL"
792745,"LRBA"
44120,"LRBA"
172321,"LRBA"
39368,"LRP4"
227346,"LRP5"
21333,"LRP5"
21329,"LRP5"
947616,"LRP5"
215635,"LRP6"
215637,"LRP6"
76960,"LRP6"
76961,"LRP6"
76959,"LRP6"
1122336,"LRP6"
215636,"LRP6"
16980,"LRRK2"
16979,"LRRK2"
47819,"LRRK2"
47772,"LRRK2"
47835,"LRRK2"
22598,"LTBP2"
132472,"LTBP2"
106802,"LZTR1"
798064,"LZTR1"
959031,"LZTR1"
1052019,"LZTR1"
106803,"LZTR1"
553100,"LZTR1"
106801,"LZTR1"
205686,"LZTR1"
482224,"LZTR1"
613185,"LZTR1"
1052022,"LZTR1"
906041,"LZTR1"
106800,"LZTR1"
590159,"LZTR1"
143243,"MAB21L2"
172191,"MAF"
172190,"MAF"
172189,"MAF"
172186,"MAF"
172185,"MAF"
226409,"MAFB"
226411,"MAFB"
226410,"MAFB"
39729,"MAFB"
94556,"MAGEL2"
94557,"MAGEL2"
38936,"MAGT1"
677000,"MAGT1"
38937,"MAGT1"
39371,"MAN1B1"
39370,"MAN1B1"
28390,"MAP2K1"
227392,"MAPT"
29286,"MAPT"
79355,"MARS1"
79356,"MARS1"
196050,"MBD5"
539157,"MC1R"
242566,"MC1R"
684653,"MC1R"
876262,"MC1R"
539158,"MC1R"
539156,"MC1R"
265044,"MC2R"
29379,"MC3R"
29373,"MC4R"
430076,"MC4R"
347739,"MC4R"
29362,"MC4R"
540034,"MC4R"
485791,"MC4R"
29368,"MC4R"
928751,"MC4R"
29363,"MC4R"
29360,"MC4R"
29375,"MC4R"
45150,"MC4R"
29372,"MC4R"
29369,"MC4R"
29371,"MC4R"
29370,"MC4R"
360366,"MC4R"
29361,"MC4R"
577690,"MC4R"
540033,"MC4R"
377152,"MC4R"
964500,"MC4R"
29357,"MC4R"
45149,"MC4R"
452330,"MCCC1"
16968,"MCCC1"
16969,"MCCC1"
16971,"MCCC1"
16958,"MCCC2"
16960,"MCCC2"
16962,"MCCC2"
200097,"MCCC2"
271169,"MCCC2"
16961,"MCCC2"
200099,"MCCC2"
205555,"MCIDAS"
205553,"MCIDAS"
205554,"MCIDAS"
187568,"MECP2"
26862,"MECP2"
153270,"MECP2"
153335,"MECP2"
26850,"MECP2"
26863,"MECP2"
26868,"MECP2"
26559,"MED12"
26560,"MED12"
223284,"MED13L"
223290,"MED13L"
223291,"MED13L"
177136,"MEN1"
810813,"MEN1"
976346,"MEN1"
197568,"MEN1"
241201,"MEN1"
419848,"MEN1"
570807,"MEN1"
31729,"MEN1"
609801,"MEN1"
444850,"MEN1"
1047363,"MEN1"
947569,"MEN1"
31727,"MEN1"
197550,"MEN1"
609802,"MEN1"
139878,"MEN1"
359899,"MEN1"
31732,"MEN1"
197557,"MEN1"
197548,"MEN1"
31738,"MEN1"
31731,"MEN1"
419820,"MEN1"
790031,"MERTK"
431641,"MERTK"
153756,"METTL23"
171907,"MFAP5"
171908,"MFAP5"
247692,"MFF"
247690,"MFF"
247691,"MFF"
619948,"MFN2"
790434,"MFSD8"
48565,"MGME1"
48566,"MGME1"
98783,"MID1"
538278,"MID1"
25848,"MID1"
514789,"MID1"
25847,"MID1"
961548,"MID1"
38930,"MID1"
29312,"MITF"
29316,"MITF"
983626,"MITF"
29315,"MITF"
20355,"MKKS"
20353,"MKKS"
20352,"MKKS"
71510,"MKRN3"
71510,"MKRN3"
71510,"MKRN3"
71510,"MKRN3"
19758,"MLC1"
19756,"MLC1"
79688,"MLC1"
19760,"MLC1"
95541,"MLH1"
32119,"MLH1"
32119,"MLH1"
32119,"MLH1"
32119,"MLH1"
95645,"MLH1"
95356,"MLH1"
95615,"MLH1"
95767,"MLH1"
95589,"MLH1"
95433,"MLH1"
95292,"MLH1"
95715,"MLH1"
50074,"MLH1"
95822,"MLH1"
151830,"MLH1"
631243,"MLH1"
95320,"MLH1"
32129,"MLH1"
95542,"MLH1"
95376,"MLH1"
95421,"MLH1"
95732,"MLH1"
95856,"MLH1"
95316,"MLH1"
95594,"MLH1"
95592,"MLH1"
221383,"MLH1"
95374,"MLH1"
95934,"MLH1"
32124,"MLH1"
95408,"MLH1"
95475,"MLH1"
95105,"MLH1"
95224,"MLH1"
95290,"MLH1"
95862,"MLH1"
95580,"MLH1"
541172,"MMACHC"
101604,"MMACHC"
541245,"MMACHC"
541245,"MMACHC"
541245,"MMACHC"
541245,"MMACHC"
199949,"MMACHC"
199948,"MMACHC"
541119,"MMACHC"
541241,"MMACHC"
101601,"MMACHC"
16462,"MMACHC"
199944,"MMACHC"
541098,"MMACHC"
541236,"MMACHC"
199946,"MMACHC"
16463,"MMACHC"
541244,"MMACHC"
16464,"MMACHC"
541256,"MMACHC"
801596,"MMACHC"
801598,"MMACHC"
16461,"MMACHC"
486903,"MMACHC"
365372,"MMACHC"
101603,"MMACHC"
39757,"MMACHC"
199950,"MMACHC"
433698,"MMACHC"
16460,"MMACHC"
199956,"MMACHC"
541246,"MMACHC"
541116,"MMACHC"
414917,"MME"
496338,"MME"
243943,"MME"
243942,"MME"
24483,"MMP13"
24484,"MMP13"
24485,"MMP13"
32146,"MMP9"
236987,"MMUT"
544064,"MMUT"
1055601,"MMUT"
543999,"MMUT"
259671,"MPL"
29195,"MPL"
486001,"MPL"
18666,"MPO"
31201,"MPV17"
625014,"MPZ"
29217,"MPZ"
49441,"MPZ"
76939,"MRAP2"
133436,"MRE11"
857371,"MRTFA"
96412,"MSH2"
96434,"MSH2"
96579,"MSH2"
616626,"MSH2"
96718,"MSH2"
96357,"MSH2"
16803,"MSH2"
96580,"MSH2"
16796,"MSH2"
95045,"MSH6"
94755,"MSH6"
94812,"MSH6"
166272,"MSH6"
152495,"MSH6"
94730,"MSH6"
40012,"MSRB3"
429712,"MTFMT"
137060,"MTFMT"
48429,"MTFMT"
137062,"MTFMT"
137061,"MTFMT"
439707,"MTHFD1"
39083,"MTNR1B"
39085,"MTNR1B"
39086,"MTNR1B"
389129,"MTO1"
389130,"MTO1"
214480,"MTOR"
15092,"MTRFR"
150590,"MUTYH"
389106,"MXRA8"
51710,"MYBPC3"
175139,"MYBPC3"
51914,"MYBPC3"
179175,"MYBPC3"
481995,"MYBPC3"
224429,"MYBPC3"
51802,"MYBPC3"
171144,"MYBPC3"
236946,"MYD88"
22534,"MYD88"
22535,"MYD88"
178169,"MYH10"
166181,"MYH11"
175657,"MYH7"
175511,"MYH7"
1011045,"MYH7"
52097,"MYH7"
29139,"MYH7"
29136,"MYH7"
29143,"MYH7"
29175,"MYH8"
29102,"MYL3"
39089,"MYLK"
39090,"MYLK"
426273,"MYO5B"
974503,"MYO5B"
26887,"MYO7A"
550568,"NAA15"
548902,"NAGLU"
94266,"NALCN"
94267,"NALCN"
185938,"NALCN"
215173,"NBAS"
151445,"NBN"
39150,"NCF4"
39409,"NCSTN"
39411,"NCSTN"
48435,"NDUFB3"
48432,"NDUFS8"
48433,"NDUFS8"
48434,"NDUFS8"
137078,"NECAP1"
17487,"NEU1"
421583,"NEU1"
17488,"NEU1"
17491,"NEU1"
795818,"NEU1"
187939,"NEUROD1"
20362,"NEUROG3"
20361,"NEUROG3"
94336,"NEXMIF"
94334,"NEXMIF"
793658,"NF1"
1063895,"NF1"
997409,"NF1"
813131,"NF1"
235550,"NF1"
552915,"NF1"
186246,"NF1"
1056391,"NF1"
478769,"NF1"
235620,"NF1"
984149,"NF1"
235644,"NF1"
1064003,"NF1"
402247,"NF1"
402247,"NF1"
402247,"NF1"
402247,"NF1"
645618,"NF1"
402276,"NF1"
242684,"NF1"
928164,"NF1"
213279,"NF1"
478918,"NF1"
485776,"NF1"
645692,"NF1"
997466,"NF1"
401858,"NF1"
235787,"NF1"
626344,"NF1"
222622,"NF1"
645727,"NF1"
531122,"NF1"
402548,"NF1"
949767,"NF1"
813086,"NF1"
184530,"NF1"
242658,"NF1"
401674,"NF1"
235640,"NF1"
949805,"NF1"
937828,"NF1"
15376,"NF1"
815659,"NF1"
478343,"NF1"
242632,"NF1"
360229,"NF1"
265014,"NF1"
402443,"NF1"
928191,"NF1"
755757,"NF1"
401863,"NF1"
230771,"NF1"
479098,"NF1"
694077,"NF1"
949757,"NF1"
937771,"NF1"
184575,"NF1"
184631,"NF1"
919723,"NF1"
570924,"NF1"
235496,"NF1"
433234,"NF1"
806389,"NF1"
985765,"NF1"
928120,"NF1"
186251,"NF1"
645596,"NF1"
401707,"NF1"
538172,"NF1"
1064006,"NF1"
478856,"NF1"
813296,"NF1"
813361,"NF1"
645666,"NF1"
571034,"NF1"
984220,"NF1"
1056406,"NF1"
645743,"NF1"
478110,"NF1"
928133,"NF1"
530739,"NF1"
645555,"NF1"
1063997,"NF1"
928158,"NF1"
984169,"NF1"
425146,"NF1"
645633,"NF1"
402465,"NF1"
445746,"NF1"
806402,"NF1"
482131,"NF1"
79199,"NF1"
361014,"NF1"
79242,"NF1"
184689,"NF1"
1064074,"NF1"
645718,"NF1"
800025,"NF1"
402231,"NF1"
415550,"NF1"
184512,"NF1"
645591,"NF1"
425197,"NF1"
165517,"NFKB2"
76319,"NFKB2"
165519,"NFKB2"
581249,"NFKBIA"
389119,"NGLY1"
16022,"NHEJ1"
172294,"NHLRC1"
470642,"NHS"
455620,"NIPBL"
105831,"NIPBL"
168526,"NIPBL"
102238,"NIPBL"
168445,"NIPBL"
1006130,"NIPBL"
579163,"NIPBL"
168475,"NIPBL"
24018,"NKX2-1"
805796,"NKX2-1"
24015,"NKX2-1"
980949,"NKX2-1"
54003,"NKX2-5"
137084,"NKX2-6"
152952,"NLRC4"
166229,"NLRC4"
514302,"NLRP12"
103826,"NLRP3"
364974,"NLRP3"
103836,"NLRP3"
103850,"NLRP3"
930443,"NLRP3"
421236,"NLRP3"
365069,"NLRP3"
103870,"NLRP3"
231474,"NLRP3"
178174,"NOBOX"
178175,"NOBOX"
178173,"NOBOX"
178176,"NOBOX"
178177,"NOBOX"
19733,"NOD2"
19738,"NOD2"
21741,"NOG"
223782,"NONO"
221067,"NOTCH1"
138678,"NOTCH1"
921613,"NOTCH2"
536068,"NOTCH2"
39013,"NOTCH2"
39014,"NOTCH2"
672208,"NOTCH2"
672207,"NOTCH2"
226724,"NOTCH3"
226726,"NOTCH3"
204348,"NOTCH3"
24258,"NOTCH3"
442180,"NOTCH3"
585947,"NPC1"
18006,"NPC1"
186010,"NPHP3"
272961,"NPHP4"
18444,"NPHP4"
18443,"NPHP4"
193632,"NPHP4"
620008,"NPHP4"
493777,"NPHP4"
588678,"NPHP4"
191928,"NPHP4"
177195,"NPHP4"
492399,"NPHP4"
185958,"NPHP4"
193193,"NPHP4"
588201,"NPHP4"
448260,"NPHP4"
492961,"NPHP4"
21911,"NPHS1"
274359,"NPHS1"
976156,"NPHS1"
227405,"NPHS1"
71113,"NPHS1"
132361,"NPPA"
204583,"NPR2"
152772,"NPR2"
444496,"NPR2"
437726,"NR0B1"
26008,"NR0B1"
951734,"NR0B1"
951734,"NR0B1"
951734,"NR0B1"
951734,"NR0B1"
70525,"NR0B1"
485821,"NR0B1"
26012,"NR0B1"
25991,"NR0B1"
25998,"NR0B1"
25997,"NR0B1"
26004,"NR0B1"
26003,"NR0B1"
25996,"NR0B1"
23607,"NR3C2"
23594,"NR3C2"
27835,"NR5A1"
28941,"NRAS"
28942,"NRAS"
224691,"NRAS"
48109,"NRL"
201675,"NRXN1"
19185,"NSD1"
359193,"NSMCE2"
40340,"NSUN2"
38644,"NT5E"
38642,"NT5E"
38643,"NT5E"
190112,"NTHL1"
624980,"NTRK1"
611494,"NTRK1"
624987,"NTRK1"
34159,"NTRK1"
27341,"NTRK1"
515140,"NTRK1"
822856,"NTRK1"
247614,"NUS1"
360967,"OCA2"
15993,"OCA2"
426088,"OCA2"
260279,"OCRL"
79599,"OCRL"
79601,"OCRL"
79611,"OCRL"
79594,"OCRL"
79608,"OCRL"
79609,"OCRL"
48236,"ODAD1"
106835,"ODAD2"
166145,"ODAD3"
166146,"ODAD3"
45821,"ODAPH"
45822,"ODAPH"
45824,"ODAPH"
389118,"OPA1"
414701,"OPA1"
26616,"OPHN1"
611952,"OPHN1"
25545,"OPN1LW"
25542,"OPN1LW"
25551,"OPN1MW"
25548,"OPN1MW"
22135,"OPTN"
22141,"OPTN"
260885,"OPTN"
24556,"OTX2"
445242,"OTX2"
188073,"OTX2"
1063116,"OTX2"
188075,"OTX2"
24554,"OTX2"
491931,"OTX2"
38979,"OTX2"
24557,"OTX2"
38983,"OTX2"
165515,"P2RX2"
805224,"P3H1"
259666,"P3H1"
619999,"P3H1"
172136,"P3H2"
48180,"PACS1"
23117,"PAFAH1B1"
23116,"PAFAH1B1"
23118,"PAFAH1B1"
23112,"PAFAH1B1"
920565,"PAH"
204456,"PAH"
15616,"PAH"
15632,"PAH"
98641,"PAH"
108337,"PAH"
108451,"PAH"
98658,"PAH"
26608,"PAK3"
26609,"PAK3"
26610,"PAK3"
974268,"PAK3"
26607,"PAK3"
132133,"PALB2"
150692,"PALB2"
153709,"PALB2"
153699,"PALB2"
133585,"PALB2"
133599,"PALB2"
132221,"PALB2"
132156,"PALB2"
132277,"PALB2"
153707,"PALB2"
529895,"PALB2"
235246,"PALB2"
132278,"PALB2"
132097,"PALB2"
132267,"PALB2"
132096,"PALB2"
153693,"PALB2"
153710,"PALB2"
153692,"PALB2"
153705,"PALB2"
153695,"PALB2"
153704,"PALB2"
132239,"PALB2"
153694,"PALB2"
361064,"PANK2"
361063,"PANK2"
578574,"PANK2"
975551,"PANK2"
1056611,"PANK2"
19599,"PANK2"
48242,"PAPSS2"
48243,"PAPSS2"
48245,"PAPSS2"
48241,"PAPSS2"
48244,"PAPSS2"
22103,"PARK7"
628271,"PARK7"
22104,"PARK7"
22105,"PARK7"
213939,"PAX2"
19246,"PAX3"
19250,"PAX3"
19245,"PAX3"
496265,"PAX3"
19255,"PAX3"
537730,"PAX3"
537728,"PAX3"
537716,"PAX3"
264095,"PAX3"
537715,"PAX3"
611564,"PAX3"
481643,"PAX3"
28829,"PAX4"
28831,"PAX4"
788994,"PAX6"
788984,"PAX6"
852651,"PAX6"
567205,"PAX6"
788993,"PAX6"
18506,"PAX6"
18500,"PAX6"
259980,"PAX6"
424525,"PAX6"
18511,"PAX6"
28825,"PAX8"
166122,"PAX8"
28823,"PAX8"
28822,"PAX8"
975000,"PAX8;PAX8-AS1"
28813,"PAX9"
28814,"PAX9"
1052988,"PAX9"
362221,"PAX9"
178310,"PCBD1"
214896,"PCCA"
434518,"PCDH12"
552237,"PCDH19"
792095,"PCDH19"
169639,"PCNT"
620680,"PCNT"
970422,"PCNT"
19746,"PCNT"
430497,"PCNT"
19745,"PCNT"
19747,"PCNT"
19749,"PCNT"
169671,"PCNT"
39498,"PCNT"
983657,"PCSK1"
17919,"PCSK9"
17912,"PCSK9"
196756,"PCSK9"
196758,"PCSK9"
281418,"PCSK9"
789411,"PCSK9"
780742,"PCSK9"
486860,"PCSK9"
362650,"PCSK9"
538522,"PCSK9"
434136,"PCSK9"
434140,"PCSK9"
434143,"PCSK9"
389422,"PCSK9"
260594,"PCSK9"
260620,"PCSK9"
187183,"PCSK9"
989428,"PCYT1A"
931870,"PCYT1A"
359498,"PDCD10"
16904,"PDCD10"
581296,"PDCD10"
581300,"PDCD10"
918812,"PDCD10"
190182,"PDE3A"
190184,"PDE3A"
190185,"PDE3A"
190186,"PDE3A"
38996,"PDE4D"
106817,"PDE4D"
38993,"PDE4D"
265560,"PDE6A"
45838,"PDE6H"
86134,"PDGFB"
86128,"PDGFB"
86136,"PDGFB"
86130,"PDGFB"
86132,"PDGFB"
48187,"PDGFRB"
48188,"PDGFRB"
70502,"PDGFRB"
213768,"PDGFRB"
773954,"PDHA1"
212021,"PDHA1"
25918,"PDHA1"
25917,"PDHA1"
15255,"PEPD"
15252,"PEPD"
22558,"PEX1"
214070,"PEX1"
214067,"PEX1"
214068,"PEX1"
21813,"PEX10"
21811,"PEX10"
281791,"PEX10"
214065,"PEX6"
214063,"PEX6"
195870,"PEX6"
252360,"PEX6"
214064,"PEX6"
45722,"PFN1"
224698,"PGAP1"
224699,"PGAP1"
59542,"PGAP2"
1056766,"PHEX"
411266,"PHEX"
360587,"PHEX"
818371,"PHEX"
818372,"PHEX"
18907,"PHGDH"
1135748,"PHOX2B"
70461,"PIEZO1"
70462,"PIEZO1"
70467,"PIEZO1"
70463,"PIEZO1"
70464,"PIEZO1"
237493,"PIEZO2"
102595,"PIEZO2"
259230,"PIGN"
389175,"PIGN"
259228,"PIGN"
136556,"PIK3CD"
136557,"PIK3CD"
17443,"PINK1"
17445,"PINK1"
491572,"PINK1"
609368,"PINK1"
690474,"PINK1"
181392,"PINK1"
16338,"PJVK"
512181,"PKD1"
609952,"PKD1"
982536,"PKD2"
102277,"PKHD1"
177948,"PKHD1"
16552,"PKLR"
276589,"PKLR"
175728,"PKP2"
39120,"PLA2G5"
39118,"PLA2G5"
39119,"PLA2G5"
39117,"PLA2G5"
39116,"PLA2G5"
389185,"PLA2G6"
169788,"PLA2G6"
389184,"PLCB1"
48295,"PLCG2"
28622,"PLG"
28675,"PLN"
28676,"PLN"
198179,"PLN"
53747,"PLN"
186954,"PMM2"
547809,"PMM2"
22745,"PMM2"
22748,"PMM2"
22764,"PMM2"
22749,"PMM2"
260132,"PMM2"
186953,"PMM2"
22756,"PMM2"
22760,"PMM2"
22762,"PMM2"
23467,"PMP22"
23470,"PMP22"
96805,"PMS2"
133243,"PMS2"
24279,"PMS2"
247452,"PMVK"
188053,"PNKP"
19886,"PNKP"
166309,"PNPLA6"
166310,"PNPLA6"
361062,"PNPLA6"
187959,"PNPLA8"
187960,"PNPLA8"
71436,"POFUT1"
71435,"POFUT1"
132055,"POGLUT1"
132052,"POGLUT1"
132053,"POGLUT1"
976239,"POGLUT1"
132056,"POGLUT1"
226509,"POGZ"
653845,"POGZ"
966905,"POGZ"
204038,"POGZ"
204034,"POGZ"
204036,"POGZ"
966908,"POGZ"
226506,"POGZ"
226508,"POGZ"
414728,"POGZ"
424637,"POGZ"
28544,"POLG"
20933,"POLH"
199875,"POLR1A"
199874,"POLR1A"
40123,"POLR3B"
587687,"POMC"
19036,"POMGNT1"
45817,"POMGNT2"
45818,"POMGNT2"
45819,"POMGNT2"
170191,"POMK"
137085,"POMK"
170192,"POMK"
513446,"POMP"
539441,"POMP"
18264,"POMT2"
389159,"POMT2"
380480,"POP1"
1017089,"POP1"
620267,"POR"
1028175,"POR"
31949,"POR"
31941,"POR"
31946,"POR"
31942,"POR"
31945,"POR"
428744,"POR"
985779,"PORCN"
802236,"PORCN"
415789,"PORCN"
975661,"PORCN"
360691,"PORCN"
143164,"POT1"
143166,"POT1"
411502,"POU3F4"
23181,"PPARG"
23180,"PPARG"
23182,"PPARG"
1059590,"PPARG"
428115,"PPARG"
23169,"PPARG"
23176,"PPARG"
23175,"PPARG"
214565,"PPP2R5D"
214097,"PPP2R5D"
244130,"PRDM6"
244132,"PRDM6"
244131,"PRDM6"
214521,"PRDM8"
1055917,"PRF1"
21885,"PRKAG2"
20323,"PRKAG3"
167524,"PRKCD"
28282,"PRKCSH"
980386,"PRKCSH"
28280,"PRKCSH"
28281,"PRKCSH"
76388,"PRKG1"
795800,"PRKN"
59479,"PRKN"
22090,"PRKN"
565509,"PRKN"
859497,"PRKN"
267741,"PRKN"
455455,"PRKN"
22076,"PRKN"
22082,"PRKN"
22089,"PRKN"
576911,"PRKN"
22081,"PRKN"
94573,"PRLR"
28434,"PRNP"
28435,"PRNP"
28437,"PRNP"
28438,"PRNP"
28443,"PRNP"
28444,"PRNP"
28442,"PRNP"
28445,"PRNP"
28450,"PRNP"
18642,"PROK2"
406363,"PROK2"
18640,"PROK2"
18643,"PROK2"
166364,"PROK2"
166365,"PROK2"
18491,"PROKR2"
18492,"PROKR2"
18489,"PROKR2"
18488,"PROKR2"
166368,"PROKR2"
166367,"PROKR2"
345522,"PROKR2"
178342,"PROKR2"
622123,"PROKR2"
989794,"PROS1"
212340,"PROS1"
955658,"PRPF4"
24977,"PRPS1"
24978,"PRPS1"
24980,"PRPS1"
24979,"PRPS1"
224827,"PRPS1"
927771,"PRRT2"
491156,"PRRT2"
927772,"PRRT2"
570100,"PRRT2"
570249,"PRRT2"
360388,"PRRT2"
48351,"PRRT2"
445565,"PRRT2"
38878,"PRSS1"
933721,"PRSS1"
26924,"PRSS1"
26915,"PRSS1"
389107,"PRUNE1"
364478,"PRUNE1"
364483,"PRUNE1"
389108,"PRUNE1"
19831,"PRX"
19833,"PRX"
47013,"PRX"
38560,"PSEN1"
103987,"PSEN1"
33188,"PSEN1"
441677,"PSEN1"
103906,"PSEN1"
33163,"PSEN1"
33164,"PSEN1"
103998,"PSEN1"
33166,"PSEN1"
33196,"PSEN1"
103933,"PSEN1"
33189,"PSEN1"
103976,"PSEN1"
104007,"PSEN1"
33184,"PSEN1"
23888,"PSEN2"
23889,"PSEN2"
23886,"PSEN2"
23885,"PSEN2"
103888,"PSEN2"
39639,"PSENEN"
539475,"PSMA3"
539437,"PSMB4"
539440,"PSMB4"
539439,"PSMB4"
38815,"PSMB8"
38817,"PSMB8"
539436,"PSMB8"
539477,"PSMB9"
187135,"PSPH"
481450,"PTCH1"
205684,"PTCHD1"
205682,"PTCHD1"
205683,"PTCHD1"
389188,"PTCHD1"
102939,"PTDSS1"
102940,"PTDSS1"
102941,"PTDSS1"
187330,"PTEN"
183028,"PTEN"
537873,"PTEN"
1029840,"PTEN"
810103,"PTEN"
22889,"PTEN"
183037,"PTEN"
975939,"PTEN"
475397,"PTEN"
416944,"PTEN"
416952,"PTEN"
233851,"PTEN"
460365,"PTEN"
485645,"PTEN"
22872,"PTEN"
617605,"PTEN"
925964,"PTEN"
925964,"PTEN"
925964,"PTEN"
925964,"PTEN"
151983,"PTEN"
419773,"PTEN"
416935,"PTEN"
416946,"PTEN"
22851,"PTEN"
22866,"PTEN"
28793,"PTH1R"
28780,"PTHLH"
28779,"PTHLH"
28778,"PTHLH"
28777,"PTHLH"
40227,"PTPN11"
40229,"PTPN11"
28379,"PTPN11"
48995,"PTPN11"
49032,"PTPN11"
48952,"PTPN11"
28373,"PTPN11"
49006,"PTPN11"
49025,"PTPN11"
28382,"PTPN11"
49024,"PTPN11"
28368,"PTPN11"
40231,"PTPN11"
40228,"PTPN11"
224692,"PTPN11"
40225,"PTPN11"
48976,"PTPN11"
49033,"PTPN11"
546066,"PTS"
17576,"PUS1"
190179,"PYCR2"
190180,"PYCR2"
199796,"PYGM"
426717,"PYGM"
17337,"PYGM"
132623,"QARS1"
132624,"QARS1"
132625,"QARS1"
132626,"QARS1"
39205,"RAB18"
39203,"RAB18"
39206,"RAB18"
166303,"RAB39B"
39739,"RAB3GAP2"
44124,"RAD21"
44125,"RAD21"
39241,"RAD51D"
34193,"RAF1"
49088,"RAF1"
28188,"RAG1"
536399,"RAPSN"
389132,"RARS2"
28130,"RB1"
567612,"RB1"
138864,"RB1"
28126,"RB1"
1052626,"RB1"
193412,"RB1"
150327,"RBCK1"
150326,"RBCK1"
15311,"RBM20"
198199,"RBM20"
925742,"RBM20"
15771,"RBM28"
187662,"RD3"
187664,"RD3"
187663,"RD3"
784750,"RDH12"
17098,"RDH12"
794252,"RDH12"
1054108,"RDH12"
642643,"RDH12"
800588,"RDH12"
936693,"RDH12"
957274,"RDH12"
856795,"RDH12"
956840,"RECQL"
413543,"REEP1"
451735,"REEP1"
977025,"REEP1"
59371,"REN"
28980,"RET"
36233,"RET"
28946,"RET"
28961,"RET"
28960,"RET"
36310,"RET"
34109,"RETREG1"
15367,"RETREG1"
15369,"RETREG1"
15540,"RFX6"
15539,"RFX6"
15538,"RFX6"
21639,"RFXANK"
1064685,"RFXANK"
28052,"RHO"
28054,"RHO"
181515,"RIT1"
181511,"RIT1"
181507,"RIT1"
181505,"RIT1"
171703,"RMND1"
171704,"RMND1"
15455,"RNASET2"
15451,"RNASET2"
15456,"RNASET2"
190169,"RNF113A"
65574,"RNF216"
248607,"RNF43"
22345,"ROR2"
22344,"ROR2"
22343,"ROR2"
214085,"RORC"
214086,"RORC"
214087,"RORC"
431731,"RP1"
104725,"RPE65"
28159,"RPE65"
104779,"RPE65"
104724,"RPE65"
930656,"RPE65"
856026,"RPE65"
761008,"RPE65"
104778,"RPE65"
28154,"RPE65"
104794,"RPE65"
105713,"RPGRIP1"
214353,"RPGRIP1L"
16108,"RPGRIP1L"
191704,"RPGRIP1L"
16115,"RPGRIP1L"
1032713,"RPGRIP1L"
644751,"RPGRIP1L"
237317,"RPGRIP1L"
131811,"RPGRIP1L"
423403,"RPL10"
21219,"RPL5"
360439,"RPS19"
404666,"RPS27"
611444,"RPS6KA3"
264829,"RPS6KA3"
360610,"RPS6KA3"
649930,"RPS6KA3"
512637,"RPS6KA3"
208995,"RPS6KA3"
20430,"RRM2B"
104834,"RS1"
104820,"RS1"
104840,"RS1"
104845,"RS1"
104908,"RS1"
104818,"RS1"
104836,"RS1"
104910,"RS1"
104798,"RS1"
104801,"RS1"
24929,"RS1"
104809,"RS1"
104813,"RS1"
24935,"RS1"
104821,"RS1"
104828,"RS1"
104842,"RS1"
104843,"RS1"
104844,"RS1"
104847,"RS1"
104846,"RS1"
104850,"RS1"
104856,"RS1"
104855,"RS1"
104857,"RS1"
104858,"RS1"
104873,"RS1"
104886,"RS1"
104889,"RS1"
104891,"RS1"
104890,"RS1"
24934,"RS1"
104893,"RS1"
104899,"RS1"
104904,"RS1"
104838,"RS1"
104882,"RS1"
104814,"RS1"
104833,"RS1"
104839,"RS1"
104854,"RS1"
104876,"RS1"
104881,"RS1"
104894,"RS1"
77874,"RSPH1"
403775,"RSPH1"
77872,"RSPH1"
77876,"RSPH1"
153742,"RSPH1"
205565,"RSPH1"
77877,"RSPH4A"
77878,"RSPH4A"
94432,"RSPH4A"
456043,"RSPH4A"
654417,"RSPH4A"
77880,"RSPH9"
493736,"RSPH9"
77879,"RSPH9"
51188,"RTEL1"
549411,"RTEL1"
29509,"RUNX1"
648962,"RUNX1"
29510,"RUNX1"
552368,"RUNX1"
573105,"RUNX1"
801211,"RUNX1"
575160,"RUNX1"
29503,"RUNX1"
966775,"RUNX2"
24335,"RUNX2"
24345,"RUNX2"
368950,"RUNX2"
818248,"RUNX2"
1055597,"RUNX2"
24343,"RUNX2"
24341,"RUNX2"
76533,"RUNX2"
76534,"RUNX2"
627571,"RYR2"
627586,"RYR2"
1110332,"RYR2"
405107,"RYR2"
917133,"SACS"
546835,"SACS"
47016,"SACS"
905938,"SACS"
208018,"SACS"
264659,"SACS"
265443,"SACS"
208019,"SACS"
153684,"SALL2"
243919,"SAMD9L"
39939,"SARS2"
512805,"SATB2"
34397,"SBDS"
263771,"SCARB2"
263773,"SCARB2"
263772,"SCARB2"
188068,"SCARF2"
94568,"SCN10A"
94569,"SCN10A"
421437,"SCN10A"
80741,"SCN11A"
167461,"SCN11A"
167460,"SCN11A"
859265,"SCN11A"
1059034,"SCN1A"
27925,"SCN1A"
27924,"SCN1A"
79487,"SCN1A"
27929,"SCN1A"
79534,"SCN1A"
486898,"SCN1A"
79463,"SCN1A"
421301,"SCN1A"
850437,"SCN1A"
982413,"SCN1A"
75309,"SCN1B"
188684,"SCN1B"
24293,"SCN1B"
24295,"SCN1B"
24294,"SCN1B"
38844,"SCN2A"
201274,"SCN2A"
448802,"SCN2A"
135661,"SCN2A"
790072,"SCN2A"
38840,"SCN2A"
75312,"SCN2B"
75311,"SCN2B"
75315,"SCN2B"
150288,"SCN3B"
150291,"SCN3B"
150290,"SCN3B"
34007,"SCN4A"
20963,"SCN4A"
189321,"SCN4B"
196864,"SCN5A"
78669,"SCN5A"
248628,"SCN5A"
390710,"SCN5A"
78942,"SCN5A"
616893,"SCN5A"
78523,"SCN5A"
78547,"SCN5A"
24434,"SCN5A"
78705,"SCN5A"
24426,"SCN5A"
78939,"SCN5A"
78648,"SCN5A"
78858,"SCN5A"
24433,"SCN5A"
78831,"SCN5A"
78866,"SCN5A"
78953,"SCN5A"
78520,"SCN5A"
24442,"SCN5A"
78541,"SCN5A"
631286,"SCN5A"
78894,"SCN5A"
78791,"SCN5A"
224276,"SCN5A"
414936,"SCN5A"
78702,"SCN5A"
78559,"SCN5A"
78565,"SCN5A"
78557,"SCN5A"
78895,"SCN5A"
78643,"SCN5A"
78766,"SCN5A"
78768,"SCN5A"
78829,"SCN5A"
224272,"SCN5A"
509616,"SCN5A"
389579,"SCN5A"
509595,"SCN5A"
197009,"SCN5A"
196840,"SCN5A"
970532,"SCN5A"
24409,"SCN5A"
24419,"SCN5A"
78639,"SCN5A"
224268,"SCN5A"
78527,"SCN5A"
78897,"SCN5A"
264166,"SCN5A"
39079,"SCN8A"
247722,"SCN8A"
205018,"SCN8A"
247714,"SCN8A"
247712,"SCN8A"
247723,"SCN8A"
247728,"SCN8A"
21393,"SCN9A"
794848,"SCN9A"
930954,"SCN9A"
449181,"SCN9A"
21389,"SCN9A"
21388,"SCN9A"
21403,"SCN9A"
21391,"SCN9A"
21390,"SCN9A"
21397,"SCN9A"
21394,"SCN9A"
433908,"SCN9A"
21402,"SCN9A"
21401,"SCN9A"
1059074,"SCN9A"
244302,"SCN9A"
21406,"SCN9A"
195314,"SCN9A"
516685,"SCN9A"
21409,"SCN9A"
426662,"SCN9A"
930962,"SCN9A"
167457,"SCN9A"
39314,"SCN9A"
39313,"SCN9A"
625099,"SCN9A"
244309,"SCN9A"
1040749,"SCN9A"
244299,"SCN9A"
21392,"SCN9A"
231504,"SCN9A"
23871,"SCNN1B"
23866,"SCNN1G"
874914,"SCNN1G"
125785,"SCO1"
152315,"SDHA"
233457,"SDHA"
944586,"SDHA"
455139,"SDHA"
455519,"SDHA"
15440,"SDHAF2"
181616,"SDHB"
181600,"SDHC"
187697,"SDHC"
420757,"SDHD"
79724,"SEMA3A"
514269,"SEMA3D"
45784,"SEPTIN12"
45785,"SEPTIN12"
677424,"SERAC1"
33024,"SERPINA1"
33006,"SERPINA1"
33008,"SERPINA1"
33086,"SERPINA3"
33089,"SERPINA3"
28640,"SERPINB6"
108188,"SERPINB7"
29991,"SERPIND1"
480749,"SERPINE1"
415540,"SERPINF1"
22128,"SERPINI1"
208453,"SETBP1"
167418,"SETBP1"
167421,"SETBP1"
16073,"SETBP1"
16072,"SETBP1"
16074,"SETBP1"
167419,"SETBP1"
167420,"SETBP1"
167422,"SETBP1"
167423,"SETBP1"
741364,"SETBP1"
226432,"SETD1A"
224673,"SETD2"
224674,"SETD2"
132612,"SETD5"
132615,"SETD5"
132614,"SETD5"
132611,"SETD5"
259779,"SETD5"
132613,"SETD5"
858840,"SF3B4"
28252,"SFTPC"
429045,"SFXN4"
20807,"SGCE"
20808,"SGCE"
577025,"SGCE"
740085,"SH2B1"
805535,"SHH"
796015,"SHH"
535722,"SHH"
421627,"SHH"
428693,"SHH"
424484,"SHH"
21860,"SHOC2"
16389,"SIAE"
16390,"SIAE"
16392,"SIAE"
1009569,"SIAE"
1009571,"SIAE"
408296,"SIAE"
39194,"SIGMAR1"
17661,"SIL1"
23348,"SIX1"
409142,"SIX1"
76605,"SIX1"
76606,"SIX1"
76604,"SIX1"
21135,"SIX3"
977193,"SIX3"
21137,"SIX3"
269545,"SIX3"
39338,"SIX3"
21138,"SIX3"
21138,"SIX3"
21138,"SIX3"
21138,"SIX3"
21132,"SIX3"
21134,"SIX3"
21133,"SIX3"
39337,"SIX3"
24113,"SLC11A2"
213636,"SLC12A1"
442544,"SLC12A3"
927872,"SLC12A3"
927869,"SLC12A3"
107257,"SLC12A3"
620552,"SLC12A3"
514063,"SLC12A3"
1063692,"SLC12A3"
75383,"SLC12A3"
793640,"SLC12A3"
553633,"SLC12A3"
23625,"SLC12A3"
23631,"SLC12A3"
23624,"SLC12A3"
577552,"SLC12A3"
644774,"SLC12A3"
976148,"SLC12A3"
23630,"SLC12A3"
23633,"SLC12A3"
553531,"SLC12A3"
205181,"SLC12A3"
23623,"SLC12A3"
404825,"SLC12A3"
1063704,"SLC12A3"
431548,"SLC12A3"
644767,"SLC12A3"
214559,"SLC12A5"
214560,"SLC12A5"
214561,"SLC12A5"
39397,"SLC12A6"
214824,"SLC13A5"
214822,"SLC13A5"
214823,"SLC13A5"
214825,"SLC13A5"
214826,"SLC13A5"
171692,"SLC16A2"
653909,"SLC16A2"
190514,"SLC16A2"
170184,"SLC16A2"
101321,"SLC16A2"
165609,"SLC1A1"
165608,"SLC1A1"
24480,"SLC1A3"
18554,"SLC22A12"
620412,"SLC22A12"
859883,"SLC22A12"
36720,"SLC22A5"
36754,"SLC22A5"
36684,"SLC22A5"
21039,"SLC25A15"
33284,"SLC25A4"
33285,"SLC25A4"
33288,"SLC25A4"
359142,"SLC25A46"
359145,"SLC25A46"
359143,"SLC25A46"
359144,"SLC25A46"
359146,"SLC25A46"
543810,"SLC26A2"
543351,"SLC26A2"
31798,"SLC26A3"
19869,"SLC26A4"
357541,"SLC26A4"
544360,"SLC26A4"
186731,"SLC26A4"
52737,"SLC26A4"
19868,"SLC26A4"
19851,"SLC26A4"
15606,"SLC29A3"
624410,"SLC29A3"
15607,"SLC29A3"
15603,"SLC29A3"
15608,"SLC29A3"
196002,"SLC2A1"
31157,"SLC2A1"
1058737,"SLC2A1"
201150,"SLC2A1"
816520,"SLC2A1"
31134,"SLC2A2"
19635,"SLC2A9"
19636,"SLC2A9"
214056,"SLC2A9"
214058,"SLC2A9"
214059,"SLC2A9"
1037533,"SLC2A9"
48152,"SLC30A2"
204422,"SLC34A2"
16465,"SLC34A3"
16469,"SLC34A3"
16466,"SLC34A3"
16470,"SLC34A3"
16467,"SLC34A3"
16471,"SLC34A3"
1029094,"SLC34A3"
16468,"SLC34A3"
16163,"SLC35D1"
16165,"SLC35D1"
16168,"SLC35D1"
79181,"SLC37A4"
21972,"SLC37A4"
79182,"SLC37A4"
186810,"SLC37A4"
79162,"SLC37A4"
17172,"SLC39A13"
153721,"SLC39A5"
153722,"SLC39A5"
212126,"SLC40A1"
39881,"SLC46A1"
76660,"SLC46A1"
15892,"SLC46A1"
34595,"SLC46A1"
15893,"SLC46A1"
34597,"SLC46A1"
76661,"SLC46A1"
39880,"SLC46A1"
39882,"SLC46A1"
15889,"SLC46A1"
236980,"SLC4A1"
32802,"SLC4A1"
32806,"SLC4A1"
16347,"SLC4A11"
16348,"SLC4A11"
16343,"SLC4A11"
16346,"SLC4A11"
16345,"SLC4A11"
16344,"SLC4A11"
206604,"SLC52A2"
22704,"SLC5A5"
22703,"SLC5A5"
22707,"SLC5A5"
22705,"SLC5A5"
22706,"SLC5A5"
22708,"SLC5A5"
190158,"SLC6A1"
931684,"SLC6A1"
190155,"SLC6A1"
190156,"SLC6A1"
17058,"SLC6A19"
29045,"SLC6A2"
275126,"SLC6A3"
31802,"SLC6A3"
31803,"SLC6A3"
102922,"SLC6A3"
102923,"SLC6A3"
455167,"SLC6A3"
622347,"SLC6A3"
26737,"SLC6A8"
187203,"SLC9A1"
26518,"SLC9A6"
26516,"SLC9A6"
570283,"SLX4"
401938,"SLX4"
401894,"SLX4"
875237,"SLX4"
242432,"SLX4"
139344,"SMAD2"
210291,"SMAD3"
402807,"SMAD4"
485536,"SMAD4"
403313,"SMAD4"
94253,"SMAD4"
403329,"SMAD4"
629442,"SMARCAL1"
39157,"SMARCB1"
23063,"SMARCB1"
534624,"SMARCB1"
70490,"SMARCE1"
70493,"SMARCE1"
855091,"SMC1A"
170145,"SMC1A"
973736,"SMC3"
214455,"SMC3"
48455,"SMCHD1"
226236,"SMG9"
440897,"SMN1"
227500,"SMOC2"
621364,"SMPD1"
38901,"SMPX"
38900,"SMPX"
26663,"SMS"
59436,"SNAP29"
29046,"SNCA"
537000,"SNTA1"
1056634,"SOD1"
29792,"SOD1"
29793,"SOD1"
29803,"SOD1"
29800,"SOD1"
194306,"SOD1"
29802,"SOD1"
29805,"SOD1"
861434,"SOD1"
573721,"SOD1"
29816,"SOD1"
29813,"SOD1"
793851,"SOD1"
29818,"SOD1"
29799,"SOD1"
29796,"SOD1"
215661,"SOHLH1"
215662,"SOHLH1"
609243,"SON"
247331,"SON"
27908,"SOS1"
49119,"SOS1"
49176,"SOS1"
49171,"SOS1"
49166,"SOS1"
49150,"SOS1"
49148,"SOS1"
49139,"SOS1"
172137,"SOS1"
54546,"SOS1"
49143,"SOS1"
49116,"SOS1"
19824,"SOST"
19825,"SOST"
22442,"SOX10"
76394,"SOX10"
497803,"SOX10"
983641,"SOX10"
963127,"SOX11"
974926,"SOX2"
27867,"SOX2"
974920,"SOX2"
452484,"SOX2"
27854,"SOX2"
27856,"SOX2"
27860,"SOX2"
27859,"SOX2"
27865,"SOX2"
974916,"SOX2"
27864,"SOX2"
100004,"SOX2"
223713,"SOX5"
1105307,"SOX9"
94264,"SPAG1"
205559,"SPAG1"
94263,"SPAG1"
94262,"SPAG1"
94260,"SPAG1"
18497,"SPART"
20710,"SPAST"
481652,"SPAST"
514466,"SPAST"
20697,"SPAST"
20703,"SPAST"
16437,"SPATA7"
16435,"SPATA7"
16434,"SPATA7"
16436,"SPATA7"
40058,"SPECC1L"
16151,"SPG11"
16149,"SPG11"
49692,"SPG11"
49768,"SPG11"
49731,"SPG11"
49750,"SPG11"
49699,"SPG11"
389161,"SPG11"
49724,"SPG11"
49782,"SPG11"
16156,"SPG11"
16150,"SPG11"
49757,"SPG11"
49711,"SPG11"
49708,"SPG11"
49693,"SPG11"
16148,"SPG11"
51184,"SPG7"
136365,"SPINK1"
944443,"SPINK5"
612271,"SPINK5"
360867,"SPINK5"
20247,"SPINT2"
20244,"SPINT2"
222418,"SPRED1"
512137,"SPRED1"
529256,"SPRED1"
361214,"SPRED1"
16849,"SPRED1"
16848,"SPRED1"
16851,"SPRED1"
16852,"SPRED1"
16855,"SPRED1"
16853,"SPRED1"
360071,"SPRED1"
458371,"SPTAN1"
142972,"SPTAN1"
19842,"SPTLC1"
19839,"SPTLC1"
260472,"SQSTM1"
227504,"SRC"
359049,"SSR4"
20595,"ST3GAL5"
620299,"STAR"
544411,"STAR"
24036,"STAR"
544722,"STAR"
24030,"STAR"
269730,"STAT1"
24087,"STAT1"
24086,"STAT1"
39039,"STAT1"
629248,"STAT1"
153735,"STAT1"
153736,"STAT1"
204402,"STAT1"
204403,"STAT1"
443121,"STAT1"
815886,"STAT1"
33347,"STAT3"
33345,"STAT3"
1056425,"STAT3"
375000,"STAT3"
445772,"STAT3"
964480,"STAT3"
621568,"STAT3"
153771,"STAT3"
168010,"STIL"
389114,"STIL"
49920,"STIM1"
49921,"STIM1"
49922,"STIM1"
49923,"STIM1"
153587,"STING1"
153588,"STING1"
814880,"STK11"
132644,"STUB1"
202308,"STXBP1"
196242,"STXBP1"
22898,"STXBP2"
211358,"SURF1"
511813,"SURF1"
407585,"SURF1"
27805,"SURF1"
359786,"SURF1"
24906,"SYN1"
50325,"SYN1"
50326,"SYN1"
50327,"SYN1"
389126,"SYNE1"
481762,"SYNGAP1"
362330,"SYNGAP1"
944990,"SYNGAP1"
581220,"SYT1"
29066,"TAC3"
29064,"TACR3"
29065,"TACR3"
76987,"TACR3"
51427,"TAFAZZIN"
51425,"TAFAZZIN"
178191,"TAFAZZIN"
26140,"TAFAZZIN"
550109,"TAFAZZIN"
20268,"TARDBP"
20272,"TARDBP"
34335,"TARDBP"
34319,"TARDBP"
34328,"TARDBP"
20274,"TARDBP"
260865,"TARDBP"
106642,"TBC1D20"
106640,"TBC1D20"
106641,"TBC1D20"
106643,"TBC1D20"
71463,"TBC1D24"
71465,"TBC1D24"
71464,"TBC1D24"
131910,"TBC1D4"
153773,"TBC1D7"
227149,"TBCK"
798664,"TBK1"
199848,"TBK1"
199849,"TBK1"
486811,"TBK1"
486810,"TBK1"
798662,"TBK1"
505020,"TBK1"
693277,"TBK1"
199854,"TBK1"
359406,"TBL1XR1"
227687,"TBL1XR1"
514323,"TBR1"
22604,"TBX1"
481486,"TBX1"
20482,"TBX19"
20480,"TBX19"
20479,"TBX19"
278136,"TBX19"
22895,"TBX4"
22894,"TBX4"
22896,"TBX4"
210215,"TBX5"
210212,"TBX5"
622184,"TBX5"
210203,"TBX5"
27751,"TBXA2R"
438848,"TBXT"
860172,"TCF12"
70556,"TCF12"
429708,"TCF12"
70554,"TCF12"
70555,"TCF12"
482073,"TCF12"
70553,"TCF12"
860173,"TCF12"
70557,"TCF12"
70559,"TCF12"
424667,"TCF4"
22411,"TCF4"
22409,"TCF4"
571970,"TCF4"
203505,"TCF4"
375991,"TCF4"
237503,"TCF4"
546889,"TCIRG1"
983465,"TCIRG1"
712905,"TCN1"
214754,"TCTN2"
27767,"TDGF1"
18463,"TDP1"
27669,"TEAD1"
237793,"TELO2"
237794,"TELO2"
237795,"TELO2"
237796,"TELO2"
237797,"TELO2"
207165,"TERT"
47717,"TERT"
47716,"TERT"
27775,"TERT"
45602,"TERT"
454460,"TERT"
944297,"TERT"
1136187,"TERT"
632884,"TERT"
428339,"TERT"
45604,"TERT"
239647,"TERT"
27772,"TERT"
27729,"TG"
172134,"TGDS"
172135,"TGDS"
172130,"TGDS"
172133,"TGDS"
172132,"TGDS"
172131,"TGDS"
226715,"TGFB2"
45760,"TGFB2"
209442,"TGFB2"
486712,"TGFB2"
45761,"TGFB2"
199890,"TGFB3"
210186,"TGFBR1"
38870,"TGFBR1"
38871,"TGFBR1"
993634,"TGFBR1"
38873,"TGFBR1"
27544,"TGFBR2"
27545,"TGFBR2"
27546,"TGFBR2"
27543,"TGFBR2"
537684,"TGFBR3"
349726,"THBD"
511475,"THPO"
211913,"TIMM44"
211911,"TIMM44"
26360,"TIMM8A"
34245,"TIMM8A"
47596,"TK2"
21701,"TLR3"
486804,"TLR3"
486807,"TLR3"
486806,"TLR3"
486808,"TLR3"
486805,"TLR3"
181568,"TMC1"
984347,"TMC1"
622690,"TMC1"
16416,"TMEM67"
18429,"TMIE"
18430,"TMIE"
18431,"TMIE"
227143,"TMLHE"
227144,"TMLHE"
227142,"TMLHE"
19203,"TMPRSS15"
16442,"TMPRSS6"
216911,"TNFAIP3"
216915,"TNFAIP3"
216913,"TNFAIP3"
216910,"TNFAIP3"
216912,"TNFAIP3"
216914,"TNFAIP3"
22010,"TNFRSF11B"
103560,"TNFRSF1A"
27374,"TNFRSF1A"
171283,"TNNI3K"
27450,"TNNT2"
20219,"TOR1A"
27389,"TP53"
80708,"TP63"
21573,"TP63"
21574,"TP63"
21579,"TP63"
21566,"TP63"
18202,"TPH2"
27504,"TPM2"
27505,"TPM2"
27499,"TPM2"
569071,"TPM2"
150169,"TPM2"
27489,"TPM3"
51283,"TPM3"
51281,"TPM3"
626846,"TPM3"
612259,"TPO"
227221,"TPO"
719276,"TPO"
19081,"TPO"
94620,"TPP1"
45854,"TRAF3"
15797,"TRAPPC9"
20258,"TREM2"
71363,"TREM2"
190040,"TREM2"
190041,"TREM2"
19220,"TREX1"
131923,"TREX1"
19218,"TREX1"
19219,"TREX1"
19221,"TREX1"
19224,"TREX1"
94195,"TRIM2"
94194,"TRIM2"
178468,"TRIM63"
966808,"TRIM63"
224213,"TRIM63"
247492,"TRIO"
247491,"TRIO"
247493,"TRIO"
20547,"TRIP11"
679929,"TRIP11"
1108914,"TRIP11"
226412,"TRIP4"
226413,"TRIP4"
609001,"TRMT1"
167473,"TRNT1"
167474,"TRNT1"
167477,"TRNT1"
931884,"TRNT1"
943472,"TRNT1"
167476,"TRNT1"
48201,"TRPA1"
21264,"TRPM1"
274282,"TRPM1"
18809,"TRPM4"
44161,"TRPM4"
44162,"TRPM4"
39595,"TRPV3"
190054,"TRPV3"
131991,"TRPV4"
20031,"TRPV4"
20032,"TRPV4"
20034,"TRPV4"
20033,"TRPV4"
20035,"TRPV4"
20036,"TRPV4"
20039,"TRPV4"
20038,"TRPV4"
39427,"TRPV4"
131998,"TRPV4"
131999,"TRPV4"
132000,"TRPV4"
44190,"TRPV4"
44189,"TRPV4"
132010,"TRPV4"
231826,"TRPV4"
33474,"TRPV4"
57914,"TSC1"
58466,"TSC2"
58681,"TSC2"
58497,"TSC2"
58502,"TSC2"
58469,"TSC2"
59001,"TSC2"
76302,"TSC2"
165472,"TSFM"
21494,"TSHR"
21498,"TSHR"
21497,"TSHR"
21476,"TSHR"
337553,"TSHR"
429594,"TSHR"
21473,"TSHR"
21481,"TSHR"
21479,"TSHR"
21483,"TSHR"
21480,"TSHR"
21482,"TSHR"
21478,"TSHR"
21489,"TSHR"
21490,"TSHR"
21492,"TSHR"
40143,"TSHZ1"
40030,"TTC19"
430988,"TTC19"
188223,"TTC7A"
188221,"TTC7A"
188222,"TTC7A"
143158,"TTLL5"
143159,"TTLL5"
143160,"TTLL5"
56763,"TTN"
199724,"TTN"
225027,"TTN"
28465,"TTR"
172164,"TUB"
22116,"TUBA1A"
65656,"TUBB4A"
263162,"TUBB4A"
213656,"TUBB4A"
955107,"TWIST1"
933812,"TWIST1"
933812,"TWIST1"
933812,"TWIST1"
933812,"TWIST1"
624833,"TWIST1"
171914,"TXNL4A"
171912,"TXNL4A"
171913,"TXNL4A"
224811,"TYMP"
31698,"TYMP"
31696,"TYMP"
31694,"TYMP"
31699,"TYMP"
31695,"TYMP"
31692,"TYMP"
18813,"TYR"
105431,"TYR"
20836,"TYROBP"
71036,"TYROBP"
71034,"TYROBP"
139912,"UBE3A"
139912,"UBE3A"
139912,"UBE3A"
139912,"UBE3A"
139891,"UBE3A"
139893,"UBE3A"
139895,"UBE3A"
139899,"UBE3A"
165747,"UBE3A"
165757,"UBE3A"
165758,"UBE3A"
165764,"UBE3A"
165765,"UBE3A"
165766,"UBE3A"
165773,"UBE3A"
165776,"UBE3A"
165779,"UBE3A"
165780,"UBE3A"
165791,"UBE3A"
165795,"UBE3A"
165931,"UBE3A"
512116,"UBE3A"
139892,"UBE3A"
139894,"UBE3A"
139898,"UBE3A"
139900,"UBE3A"
165748,"UBE3A"
165749,"UBE3A"
165754,"UBE3A"
165759,"UBE3A"
165760,"UBE3A"
165761,"UBE3A"
165762,"UBE3A"
165767,"UBE3A"
165770,"UBE3A"
165771,"UBE3A"
165777,"UBE3A"
165778,"UBE3A"
165786,"UBE3A"
139903,"UBE3A"
139901,"UBE3A"
139902,"UBE3A"
165745,"UBE3A"
165746,"UBE3A"
165751,"UBE3A"
165752,"UBE3A"
165753,"UBE3A"
165756,"UBE3A"
165768,"UBE3A"
165772,"UBE3A"
165774,"UBE3A"
165775,"UBE3A"
165782,"UBE3A"
165785,"UBE3A"
139908,"UBE3A"
139910,"UBE3A"
139911,"UBE3A"
165790,"UBE3A"
165792,"UBE3A"
165794,"UBE3A"
165796,"UBE3A"
165798,"UBE3A"
169092,"UBE3A"
580000,"UBE3A"
196438,"UBE3A"
139896,"UBE3A"
165755,"UBE3A"
165769,"UBE3A"
165783,"UBE3A"
169098,"UBE3A"
165750,"UBE3A"
514667,"UBE3A"
208162,"UBE3A"
165763,"UBE3A"
858308,"UBE3B"
919404,"UBE3B"
94224,"UCHL1"
22616,"UCP3"
512180,"UMOD"
345976,"UNC13D"
223702,"UNC80"
217216,"UNC80"
217215,"UNC80"
217214,"UNC80"
223700,"UNC80"
223701,"UNC80"
223703,"UNC80"
26438,"UPF3B"
195769,"UPF3B"
26439,"UPF3B"
864505,"UROD"
18789,"UROS"
15241,"USB1"
488187,"USB1"
166127,"USB1"
488188,"USB1"
57542,"USH2A"
974963,"USH2A"
57509,"USH2A"
17396,"USH2A"
237598,"USH2A"
623803,"USH2A"
855990,"USH2A"
57671,"USH2A"
540918,"USH2A"
540801,"USH2A"
551512,"USH2A"
1022983,"USH2A"
1002484,"USH2A"
551517,"USH2A"
541017,"USH2A"
1019291,"USH2A"
540886,"USH2A"
551511,"USH2A"
540876,"USH2A"
492434,"USH2A"
551505,"USH2A"
551516,"USH2A"
172914,"USH2A"
540960,"USH2A"
260777,"USH2A"
17397,"USH2A"
263977,"USH2A"
172511,"USH2A"
152888,"USH2A"
224823,"USP9X"
132600,"USP9X"
132602,"USP9X"
224821,"USP9X"
224824,"USP9X"
224825,"USP9X"
16387,"VANGL1"
16386,"VANGL1"
16385,"VANGL1"
23513,"VCP"
804895,"VHL"
17271,"VHL"
180121,"VHL"
955886,"VPS13A"
45830,"VPS13A"
934812,"VPS13A"
975272,"VPS13A"
19725,"VPS13A"
805591,"VPS13B"
101773,"VPS13B"
389136,"VPS13B"
223767,"VPS13C"
226382,"VPS13C"
223765,"VPS13C"
223768,"VPS13C"
693878,"VPS35"
480756,"VPS35"
106176,"VWF"
106327,"VWF"
106204,"VWF"
106174,"VWF"
106232,"VWF"
816014,"VWF"
15327,"VWF"
15328,"VWF"
15329,"VWF"
15339,"VWF"
106246,"VWF"
106190,"VWF"
106198,"VWF"
106223,"VWF"
106228,"VWF"
106193,"VWF"
620451,"VWF"
106229,"VWF"
216950,"WAC"
216947,"WAC"
216946,"WAC"
216948,"WAC"
216949,"WAC"
26162,"WAS"
79729,"WDR11"
45884,"WDR11"
79730,"WDR11"
79731,"WDR11"
79733,"WDR11"
16622,"WDR36"
850117,"WDR45"
265026,"WDR45"
172286,"WDR73"
204986,"WDR73"
172287,"WDR73"
421492,"WFS1"
19553,"WFS1"
211050,"WFS1"
19559,"WFS1"
1060079,"WFS1"
443628,"WFS1"
173979,"WFS1"
229195,"WFS1"
609553,"WFS1"
211082,"WFS1"
19549,"WFS1"
19548,"WFS1"
19555,"WFS1"
1000439,"WFS1"
609552,"WFS1"
19556,"WFS1"
207141,"WFS1"
612145,"WFS1"
28851,"WNT3"
21347,"WNT4"
21348,"WNT4"
44208,"WNT7A"
457771,"WRN"
125920,"WWOX"
514119,"XIAP"
132693,"XYLT1"
132691,"XYLT1"
132692,"XYLT1"
125921,"YAP1"
125922,"YAP1"
28415,"ZBTB16"
48678,"ZBTB24"
65654,"ZC4H2"
380135,"ZC4H2"
380137,"ZC4H2"
25748,"ZDHHC9"
25750,"ZDHHC9"
25751,"ZDHHC9"
27672,"ZEB1"
27673,"ZEB1"
414819,"ZEB2"
187169,"ZEB2"
805236,"ZEB2"
19796,"ZEB2"
578959,"ZEB2"
424988,"ZEB2"
71449,"ZEB2"
71450,"ZEB2"
185718,"ZEB2"
359068,"ZIC1"
359067,"ZIC1"
359069,"ZIC1"
76400,"ZIC2"
76400,"ZIC2"
76400,"ZIC2"
76400,"ZIC2"
39254,"ZIC2"
384629,"ZIC2"
270846,"ZIC2"
799754,"ZIC2"
536866,"ZIC2"
384628,"ZIC2"
1063044,"ZIC2"
623671,"ZIC2"
199799,"ZIC2"
150200,"ZMPSTE24"
19310,"ZMPSTE24"
19311,"ZMPSTE24"
150218,"ZMPSTE24"
19314,"ZMPSTE24"
39543,"ZMPSTE24"
150201,"ZMPSTE24"
150196,"ZMPSTE24"
150219,"ZMPSTE24"
150190,"ZMPSTE24"
167416,"ZMYND11"
167413,"ZMYND11"
167417,"ZMYND11"
167414,"ZMYND11"
205263,"ZMYND11"
167415,"ZMYND11"
389167,"ZNF423"
389168,"ZNF423"
404663,"ZNF711"
